Workbook

Sheet Scoring Register
A1: Response ID | B1: Question ID | C1: Model | D1: Category | E1: Difficulty | F1: Prompt Used | G1: Complete Response | H1: Final Answer (0–2) | I1: Reasoning Quality (0–2) | J1: Instruction Following (0–2) | K1: Factual Support (0–2) | L1: Total Score (0–8) | M1: Date & Start Time | N1: Total Duration (s) | O1: Generation Duration (s) | P1: Output Tokens | Q1: Tokens/sec | R1: Peak VRAM (GB) | S1: Completion Status | T1: Verification Status | U1: Evidence Reference | V1: Evaluator Notes
A2: Q01_PHI | B2: Q01 | C2: phi4-mini-reasoning | D2: Mathematical reasoning | E2: Easy | F2: ='Question Bank & Key'!D3 -> Solve for x: 3x + 12 = 30. Show each step of your calculation clearly and state the final numerical value of x. | G2: [FINAL ANSWER] To solve the equation \(3x + 12 = 30\) for \(x\): 1. **Subtract 12 from both sides** to isolate the term with \(x\): \[ 3x + 12 - 12 = 30 - 12 \] Simplifying: \[ 3x = 18 \] 2. **Divide both sides by 3** to solve for \(x\): \[ \frac{3x}{3} = \frac{18}{3} \] Simplifying: \[ x = 6 \] **Verification**: Substitute \(x = 6\) back into the original equation: \[ 3(6) + 12 = 18 + 12 = 30 \] The left side equals the right side, confirming the solution is correct. **Final numerical value of \(x\)**: \(\boxed{6}\) [THINKING PROCESS (<think>)] Okay, so I need to solve the equation 3x + 12 = 30 for x. Let me think about how to approach this step by step. Alright, first, I remember that to solve for a variable like x, I need to isolate it on one side of the equation. That means getting rid of the constants and the coefficient that is multiplied by x. The equation here is 3x plus 12 equals 30. So, 3x + 12 = 30. The first thing I should do is try to get rid of that 12 that's being added to 3x. To do that, I can subtract 12 from both sides of the equation. That way, I maintain the equality because whatever I do to one side, I do to the other. So subtracting 12 from both sides makes sense. Let me write that down: 3x + 12 - 12 = 30 - 12. Simplifying both sides, the +12 and -12 on the left side cancel each other out, leaving just 3x. On the right side, 30 minus 12 is 18. So now the equation is 3x = 18. Okay, now I need to solve for x, which is multiplied by 3. To get x by itself, I should divide both sides of the equation by 3. That will undo the multiplication by 3. So dividing both sides by 3: 3x divided by 3 is x, and 18 divided by 3 is 6. Therefore, x equals 6. Wait, let me check my steps again to make sure I didn't make a mistake. Starting with the original equation: 3x +12 =30. Subtract 12 from both sides: 3x = 18. Then divide by 3: x=6. That seems right. Maybe I can plug the value back into the original equation to verify. Plugging x=6 into the left side: 3*(6) +12 = 18 +12 =30, which matches the right side of the equation. So that checks out. Hmm, yeah, that makes sense. So the solution is x=6. I think that's correct. No steps seem to be missing, and the arithmetic is straightforward. Yeah, I'm confident that's the right answer. | L2: =IF(COUNT(H2:K2)>0, SUM(H2:K2), "") | M2: 2026-09-16 11:49:08 | N2: 25.466 | O2: 18.619 | P2: 700 | Q2: =IF(AND(ISNUMBER(O2), O2>0, ISNUMBER(P2)), ROUND(P2/O2, 2), IF(AND(ISNUMBER(N2), N2>0, ISNUMBER(P2)), ROUND(P2/N2, 2), "")) -> 37.6 | R2: 3.64 | S2: Completed | T2: Pending | U2: data/responses/Q01_PHI.json
A3: Q01_DSR1 | B3: Q01 | C3: deepseek-r1:7b | D3: Mathematical reasoning | E3: Easy | F3: ='Question Bank & Key'!D3 -> Solve for x: 3x + 12 = 30. Show each step of your calculation clearly and state the final numerical value of x. | G3: [FINAL ANSWER] To solve the equation \( 3x + 12 = 30 \) for \( x \), follow these steps: 1. **Subtract 12 from both sides** to isolate the term with \( x \): \[ 3x + 12 - 12 = 30 - 12 \] Simplifying: \[ 3x = 18 \] 2. **Divide both sides by 3** to solve for \( x \): \[ \frac{3x}{3} = \frac{18}{3} \] Simplifying: \[ x = 6 \] **Final Answer:** \[ \boxed{6} \] [THINKING PROCESS (<think>)] First, I need to solve the equation 3x + 12 = 30 for x. I'll start by isolating the term with x. To do this, I'll subtract 12 from both sides of the equation. This simplifies the equation to 3x = 18. Next, I'll solve for x by dividing both sides by 3. Finally, I find that x equals 6. | L3: =IF(COUNT(H3:K3)>0, SUM(H3:K3), "") | M3: 2026-09-16 11:43:48 | N3: 18.13 | O3: 10.423 | P3: 260 | Q3: =IF(AND(ISNUMBER(O3), O3>0, ISNUMBER(P3)), ROUND(P3/O3, 2), IF(AND(ISNUMBER(N3), N3>0, ISNUMBER(P3)), ROUND(P3/N3, 2), "")) -> 24.94 | R3: 4.53 | S3: Completed | T3: Pending | U3: data/responses/Q01_DSR1.json
A4: Q01_QWEN | B4: Q01 | C4: qwen3:8b | D4: Mathematical reasoning | E4: Easy | F4: ='Question Bank & Key'!D3 -> Solve for x: 3x + 12 = 30. Show each step of your calculation clearly and state the final numerical value of x. | G4: [FINAL ANSWER] To solve the equation $ 3x + 12 = 30 $, we aim to isolate the variable $ x $ step by step. --- ### **Step 1: Subtract 12 from both sides** We begin by eliminating the constant term on the left-hand side. To do this, subtract 12 from both sides of the equation: $$ 3x + 12 - 12 = 30 - 12 $$ Simplifying both sides: $$ 3x = 18 $$ --- ### **Step 2: Divide both sides by 3** Now, to isolate $ x $, divide both sides of the equation by 3: $$ \frac{3x}{3} = \frac{18}{3} $$ Simplifying: $$ x = 6 $$ --- ### **Final Answer** $$ \boxed{6} $$ [THINKING PROCESS (<think>)] Okay, so I need to solve the equation 3x + 12 = 30 for x. Let me think about how to approach this. I remember that solving an equation like this usually involves isolating the variable, which in this case is x. First, I should get rid of that constant term on the left side, which is +12. To do that, I can subtract 12 from both sides of the equation. That way, I keep the equation balanced. Let me write that down: 3x + 12 - 12 = 30 - 12 Simplifying both sides, the +12 and -12 on the left side cancel each other out, leaving just 3x. On the right side, 30 minus 12 is 18. So now the equation is: 3x = 18 Alright, now I need to get x by itself. Since 3 is multiplied by x, I should divide both sides by 3 to undo that multiplication. Let me do that step: 3x / 3 = 18 / 3 Simplifying again, the 3's on the left side cancel out, leaving just x. On the right side, 18 divided by 3 is 6. So that gives me: x = 6 Wait, let me check if that makes sense. If I plug x = 6 back into the original equation, does it hold true? Original equation: 3x + 12 = 30 Substitute x with 6: 3*(6) + 12 = 18 + 12 = 30. Yep, that equals 30, which matches the right side of the equation. So it looks like x = 6 is the correct solution. Hmm, did I miss any steps? Let me go through it again. Starting with 3x + 12 = 30. Subtract 12 from both sides: 3x = 18. Divide by 3: x = 6. Yep, that seems straightforward. I don't think I made any mistakes here. The key steps were subtracting 12 first and then dividing by 3. It's important to perform the same operation on both sides to maintain equality. Another way to think about it might be to first divide all terms by 3, but that might complicate things because of the +12. Let me try that approach just to verify. If I divide every term by 3: (3x)/3 + 12/3 = 30/3 Which simplifies to x + 4 = 10. Then subtract 4 from both sides: x = 10 - 4 = 6. Oh, that works too! So whether I subtract first or divide first, I still end up with x = 6. That gives me more confidence that the answer is correct. So both methods lead to the same result. It's good to check using different methods to ensure consistency. I think that's all there is to it. The solution is x equals 6. | L4: =IF(COUNT(H4:K4)>0, SUM(H4:K4), "") | M4: 2026-09-16 11:36:45 | N4: 32.939 | O4: 28.401 | P4: 863 | Q4: =IF(AND(ISNUMBER(O4), O4>0, ISNUMBER(P4)), ROUND(P4/O4, 2), IF(AND(ISNUMBER(N4), N4>0, ISNUMBER(P4)), ROUND(P4/N4, 2), "")) -> 30.39 | R4: 5.35 | S4: Completed | T4: Pending | U4: data/responses/Q01_QWEN.json
A5: Q02_PHI | B5: Q02 | C5: phi4-mini-reasoning | D5: Mathematical reasoning | E5: Easy | F5: ='Question Bank & Key'!D4 -> A store offers a 20% discount on an item originally priced at $80. What is the final sale price? Show your work. | G5: [FINAL ANSWER] The original price of the item is $80. A 20% discount means you save 20% of $80, which is calculated as: \[ 80 \times 0.20 = 16 \] Subtracting this discount from the original price gives: \[ 80 - 16 = 64 \] Alternatively, the final price is \(80\% \times 80\): \[ 80 \times 0.80 = 64 \] **Final sale price:** \boxed{64} [THINKING PROCESS (<think>)] Okay, let's see. The problem is about calculating the final sale price of an item after a 20% discount. The original price is $80. Hmm, right. So, first, I need to figure out what 20% of $80 is, and then subtract that from the original price to get the sale price. Wait, percentage discounts... Yeah, so 20% off means you pay 80% of the original price, right? Or do you calculate the discount amount first and then subtract? Maybe both ways work. Let me think. Either way, the result should be the same. Let me try both methods to check. Method 1: Calculate the discount amount and subtract it from the original price. So, 20% of $80 is the discount. To find 20% of 80, I can convert 20% to a decimal, which is 0.20. Then multiply 80 by 0.20. Let me do that: 80 * 0.20. Hmm, 80 times 0.2 is 16. So the discount is $16. Then subtract that from $80: 80 - 16 = 64. So the sale price is $64. Method 2: If the discount is 20%, then the customer pays 80% of the original price. So, 80% of 80. Converting 80% to decimal is 0.80. Multiply 80 by 0.80: 80 * 0.80. Well, 80 times 0.8 is also 64. Same result. Okay, that checks out. Wait, just to make sure I didn't make a calculation mistake. Let me verify the multiplication again. 80 times 0.2: 0.2 is the same as 1/5. So 80 divided by 5 is 16. Yep, that's right. Then 80 minus 16 is 64. Correct. Alternatively, 0.8 times 80: 80 times 0.8. 8 times 8 is 64, so 80 times 0.8 is 64. Yep, that's consistent. So both methods lead to the same answer, $64. That seems right. I don't think I missed anything here. The problem is straightforward—a 20% discount on an $80 item. No additional taxes or fees mentioned, so the final sale price should be $64. | L5: =IF(COUNT(H5:K5)>0, SUM(H5:K5), "") | M5: 2026-09-16 11:49:55 | N5: 23.682 | O5: 17.302 | P5: 627 | Q5: =IF(AND(ISNUMBER(O5), O5>0, ISNUMBER(P5)), ROUND(P5/O5, 2), IF(AND(ISNUMBER(N5), N5>0, ISNUMBER(P5)), ROUND(P5/N5, 2), "")) -> 36.24 | R5: 3.64 | S5: Completed | T5: Pending | U5: data/responses/Q02_PHI.json
A6: Q02_DSR1 | B6: Q02 | C6: deepseek-r1:7b | D6: Mathematical reasoning | E6: Easy | F6: ='Question Bank & Key'!D4 -> A store offers a 20% discount on an item originally priced at $80. What is the final sale price? Show your work. | G6: [FINAL ANSWER] To determine the final sale price after applying a 20% discount to an item originally priced at \$80, follow these steps: 1. **Calculate the Discount Amount:** \[ \text{Discount} = \text{Original Price} \times \text{Discount Rate} = 80 \times 0.20 = 16 \] 2. **Subtract the Discount from the Original Price:** \[ \text{Final Sale Price} = \text{Original Price} - \text{Discount} = 80 - 16 = 64 \] **Final Answer:** \[ \boxed{64} \] [THINKING PROCESS (<think>)] First, I need to calculate the discount amount by finding 20% of the original price of $80. Next, I'll subtract the discount from the original price to determine the final sale price. | L6: =IF(COUNT(H6:K6)>0, SUM(H6:K6), "") | M6: 2026-09-16 11:44:32 | N6: 15.942 | O6: 8.493 | P6: 197 | Q6: =IF(AND(ISNUMBER(O6), O6>0, ISNUMBER(P6)), ROUND(P6/O6, 2), IF(AND(ISNUMBER(N6), N6>0, ISNUMBER(P6)), ROUND(P6/N6, 2), "")) -> 23.2 | R6: 4.53 | S6: Completed | T6: Pending | U6: data/responses/Q02_DSR1.json
A7: Q02_QWEN | B7: Q02 | C7: qwen3:8b | D7: Mathematical reasoning | E7: Easy | F7: ='Question Bank & Key'!D4 -> A store offers a 20% discount on an item originally priced at $80. What is the final sale price? Show your work. | G7: <think> Okay, let's see. The problem is about finding the final sale price of an item after a 20% discount. The original price is $80. Hmm, discounts can sometimes be tricky, but I think I can figure this out step by step. First, I need to remember how discounts work. A 20% discount means that the customer pays 80% of the original price, right? Because if you take away 20%, you're left with 100% - 20% = 80%. So instead of calculating the discount amount and subtracting it from the original price, maybe I can just calculate 80% of $80. Let me confirm that. Alternatively, I could calculate the discount amount first. Let me try both methods to check if they give the same result. That way, I can be sure I'm not making a mistake. Starting with the first method: calculating 80% of $80. To find 80% of something, I can convert the percentage to a decimal by dividing by 100. So 80% becomes 0.80. Then multiply that by the original price. So, 0.80 * $80. Let me do that multiplication. 0.8 times 80. Hmm, 0.8 is the same as 4/5, right? So 4/5 of 80. Well, 80 divided by 5 is 16, and 16 times 4 is 64. So that would be $64. Let me check with decimal multiplication. Alternatively, 80 * 0.8. Breaking it down: 80 * 0.8 is the same as 80 * 8 * 0.1. 80 * 8 is 640, and 640 * 0.1 is 64. Yep, same result. So that seems straightforward. Now, let me try the other method: calculating the discount amount first. A 20% discount on $80. So 20% of $80 is 0.20 * 80. Let me compute that. 0.2 times 80 is 16. So the discount is $16. Then subtract that from the original price: $80 - $16 = $64. Same answer. Okay, that's reassuring. Wait, just to make sure I didn't mix up any numbers. Let me verify once again. Original price is $80. 20% off. So 20% of 80 is indeed 16. Subtract 16 from 80, which gives 64. Alternatively, 80% of 80 is 64. Both methods lead to the same result. So the final sale price should be $64. Is there another way to think about this? Maybe using fractions? Let's see. 20% is 1/5. So 1/5 of 80 is 16, as before. Therefore, subtracting 1/5 from the original price, which is 80 - 16 = 64. Yep, same thing. Alternatively, if I wanted to use proportions. Let me try that. If 20% corresponds to $16, then 100% corresponds to $80. Wait, that's the original price. Maybe that's not helpful. Alternatively, setting up a proportion where the discount is 20% of the original price. So, discount amount / original price = 20% / 100%. Therefore, discount amount = (20/100)*80 = 16. Again, same result. I think all methods are converging to $64. Let me just check if there's any chance I made a calculation error. For example, if I thought 20% was 0.2, which it is, and 0.2 times 80 is 16. Yes. Then 80 minus 16 is 64. Alternatively, if I thought 20% was 0.2, and multiplied by 80, getting 16. So, no, that seems correct. Another way to think about percentages: 10% of 80 is 8, so 20% is double that, which is 16. Therefore, subtracting 16 from 80 gives 64. Yep, that works too. I think I've verified this multiple times using different methods: decimal multiplication, fraction conversion, proportion, and breaking down percentages into smaller parts. All of them lead to the same answer. Therefore, I can be confident that the final sale price after </think> | L7: =IF(COUNT(H7:K7)>0, SUM(H7:K7), "") | M7: 2026-09-16 11:39:17 | N7: 41.907 | O7: 33.498 | P7: 1024 | Q7: =IF(AND(ISNUMBER(O7), O7>0, ISNUMBER(P7)), ROUND(P7/O7, 2), IF(AND(ISNUMBER(N7), N7>0, ISNUMBER(P7)), ROUND(P7/N7, 2), "")) -> 30.57 | R7: 5.35 | S7: Completed | T7: Pending | U7: data/responses/Q02_QWEN.json | V7: Reached max tokens limit (num_predict=1024)
A8: Q03_PHI | B8: Q03 | C8: phi4-mini-reasoning | D8: Mathematical reasoning | E8: Medium | F8: ='Question Bank & Key'!D5 -> Calculate the total number of trailing zeroes in 100! (100 factorial). Explain the mathematical reasoning behind your method. | G8: [FINAL ANSWER] To calculate the total number of trailing zeroes in \(100!\) (100 factorial), we need to determine the number of times 10 is a factor in the factorial. Since 10 is the product of 2 and 5, [THINKING PROCESS (<think>)] Okay, so I need to figure out how many trailing zeros are in 100 factorial. Hmm, trailing zeros are the zeros at the end of the number right? Like, if the number ends with ...00, how many of those zeros are there? For example, 100 has two trailing zeros, right? But 100 factorial is a huge number. How do I even begin to calculate that? Wait, I remember something about factors contributing to trailing zeros. Since trailing zeros come from multiplying numbers that result in 10s, and 10 is 2 times 5. So each pair of 2 and 5 in the prime factors of 100! would contribute to a trailing zero. But there are usually more 2s than 5s in a factorial, so the number of trailing zeros should be determined by the number of 5s. Is that right? Let me check. For example, in 10!, the number of 5s would be 10/5 = 2, and the number of 2s would be 10/2 = 5, 10/4 = 5, 10/8 = 5, 10/6 = 1, etc. Wait, actually, the formula for counting the number of times a prime number p divides into n! is the sum of n divided by p, n divided by p squared, n divided by p cubed, and so on, until the division results in zero. So for 2s in 10!: 10/2 = 5, 10/4 = 2, 10/6 = 1, 10/8 = 1, 10/10 = 1. Adding those up: 5 + 2 + 1 + 0.5? Wait, no, it has to be integer division. So each time you divide n by p^k and take the floor. So for 10/2 = 5, 10/4 = 2 (since 10 divided by 4 is 2.5, floor to 2), 10/8 = 1, 10/16 = 0. So total 5 + 2 + 1 = 8. For 5s: 10/5 = 2, 10/25 = 0. So total 2. So trailing zeros would be 2. But 10! is 3628800, which has 2 trailing zeros. So that works. So the number of trailing zeros is the minimum of the number of 2s and 5s. Since 5s are less, we take the number of 5s. Therefore, for 100!, the number of trailing zeros is the number of times 5 is a factor in 100!. So how do we calculate the number of 5s in 100!? Using the formula: sum_{k=1 to infinity} floor(100 / 5^k) Compute each term: First term: floor(100 / 5) = floor(20) = 20 Second term: floor(100 / 25) = floor(4) = 4 Third term: floor(100 / 125) = floor(0.8) = 0 So higher powers will also result in zero. So total number of 5s is 20 + 4 = 24. Similarly, number of 2s would be more, but as we only need the minimum, which is 24. Therefore, the total number of trailing zeros in 100! is 24. Wait, let me verify this with a smaller factorial where I know the answer. Let's take 25!. Number of 5s: floor(25/5) = 5, floor(25/25) = 1, floor(25/125)=0. So total 6. Number of 2s: floor(25/2)=12, floor(25/4)=6, floor(25/8)=3, floor(25/16)=1, rest zero. Total 12+6+3+1=22. So trailing zeros should be 6. Let's check 25! value. 25! is 15511210043330985984000000. Wait, how many zeros is that? Let me count from the end: ...84000000. So starting from the end, 6 zeros. Yes, that's correct. So the method works. Therefore, applying the same logic to 100! gives 24 trailing zeros. So the answer should be 24. **Final Answer** The total number of trailing zeroes in 100! is \boxed{24}. | L8: =IF(COUNT(H8:K8)>0, SUM(H8:K8), "") | M8: 2026-09-16 11:50:51 | N8: 30.957 | O8: 26.738 | P8: 1024 | Q8: =IF(AND(ISNUMBER(O8), O8>0, ISNUMBER(P8)), ROUND(P8/O8, 2), IF(AND(ISNUMBER(N8), N8>0, ISNUMBER(P8)), ROUND(P8/N8, 2), "")) -> 38.3 | R8: 3.64 | S8: Completed | T8: Pending | U8: data/responses/Q03_PHI.json | V8: Reached max tokens limit (num_predict=1024)
A9: Q03_DSR1 | B9: Q03 | C9: deepseek-r1:7b | D9: Mathematical reasoning | E9: Medium | F9: ='Question Bank & Key'!D5 -> Calculate the total number of trailing zeroes in 100! (100 factorial). Explain the mathematical reasoning behind your method. | G9: <think> Okay, so I need to figure out how many trailing zeros are in 100 factorial, which is written as 100!. Hmm, I remember that trailing zeros are the zeros at the end of a number, right? Like, for example, 100! is a huge number, and it ends with several zeros. But how do I calculate exactly how many? I think it has something to do with how many times the number 10 is a factor in 100!. Because every time 10 is a factor, it adds a zero at the end. So, if I can find how many times 10 is a factor in 100!, that should give me the number of trailing zeros. But wait, 10 is 2 multiplied by 5, so maybe I need to find how many pairs of 2s and 5s are in the prime factors of 100!. But hold on, in any factorial, there are usually more 2s than 5s. So, the number of 5s will determine the number of trailing zeros. That makes sense because 2s are more common. So, I just need to count how many times 5 is a factor in the numbers from 1 to 100. How do I do that? I think it's by dividing 100 by 5 and then taking the floor of that result. Let me try that. 100 divided by 5 is 20. So, does that mean there are 20 trailing zeros? Wait, no, that can't be right because I remember that sometimes numbers like 25, 50, 75, and 100 contribute more than one 5. So, I need to account for those as well. Right, because 25 is 5 squared, so it contributes two 5s, and similarly, 50 is 5 times 10, which is 5 times 2 times 5, so that's two 5s as well. So, I need to not only divide by 5 but also divide by 25 to account for those extra 5s. So, let me calculate that. 100 divided by 5 is 20, and 100 divided by 25 is 4. So, adding those together, 20 plus 4 is 24. Hmm, so does that mean there are 24 trailing zeros? But wait, is that all? What about higher powers of 5, like 125? But 125 is greater than 100, so it won't contribute anything. So, I think 24 is the correct number. Let me verify this. So, in 100!, the number of 5s is the sum of 100 divided by 5, 100 divided by 25, 100 divided by 125, and so on. Since 125 is larger than 100, we can stop at 25. So, 100/5 is 20, 100/25 is 4, and 100/125 is 0. So, adding 20 and 4 gives 24. Therefore, there are 24 trailing zeros in 100!. But just to make sure I didn't make a mistake, let me think about a smaller factorial, like 25!. How many trailing zeros does that have? Using the same method, 25 divided by 5 is 5, and 25 divided by 25 is 1. So, 5 plus 1 is 6 trailing zeros. Let me check that. 25! is 15511210043330985984000000. Wait, actually, I think 25! has 6 trailing zeros. Yeah, that seems right. So, my method works for 25!. Another example: 50!. 50 divided by 5 is 10, 50 divided by 25 is 2, and 50 divided by 125 is 0. So, 10 plus 2 is 12 trailing zeros. Let me see, 50! is a huge number, but I think it does end with 12 zeros. So, that seems correct. Therefore, applying the same logic to 100!, it should have 24 trailing zeros. So, I think I can confidently say that the number of trailing zeros in 100! is 24. **Final Answer** The total number of trailing zeroes in 100! is \ </think> | L9: =IF(COUNT(H9:K9)>0, SUM(H9:K9), "") | M9: 2026-09-16 11:45:34 | N9: 36.115 | O9: 31.943 | P9: 1024 | Q9: =IF(AND(ISNUMBER(O9), O9>0, ISNUMBER(P9)), ROUND(P9/O9, 2), IF(AND(ISNUMBER(N9), N9>0, ISNUMBER(P9)), ROUND(P9/N9, 2), "")) -> 32.06 | R9: 4.53 | S9: Completed | T9: Pending | U9: data/responses/Q03_DSR1.json | V9: Reached max tokens limit (num_predict=1024)
A10: Q03_QWEN | B10: Q03 | C10: qwen3:8b | D10: Mathematical reasoning | E10: Medium | F10: ='Question Bank & Key'!D5 -> Calculate the total number of trailing zeroes in 100! (100 factorial). Explain the mathematical reasoning behind your method. | G10: <think> Okay, so I need to figure out how many trailing zeros are in 100 factorial, which is 100! Let me think about how to approach this. I remember that trailing zeros are created when a number is multiplied by 10, right? And since 10 is 2 times 5, each pair of 2 and 5 in the prime factors of 100! will contribute to a trailing zero. But wait, there are usually more 2s than 5s in the prime factors of a factorial. So the number of trailing zeros should depend on the number of 5s, because 5s are the limiting factor here. That makes sense because every even number contributes at least one 2, so there will be plenty of 2s to pair with the 5s. Therefore, I just need to count how many times 5 is a factor in the numbers from 1 to 100. But how exactly do I do that? Let me recall. I think the method involves dividing the number by 5, then by 25, 125, etc., until the division results in zero, and then adding up all those quotients. Let me try to remember why that works. So, for example, in 100!, the number of multiples of 5 between 1 and 100 is 100 divided by 5, which is 20. But some numbers contribute more than one 5. For instance, 25 is 5 squared, so it has two 5s. Similarly, 50, 75, and 100 are multiples of 25, each contributing an extra 5. Then there's 125, but 125 is greater than 100, so we stop there. Therefore, the total number of 5s is 20 (from the multiples of 5) plus 4 (from the multiples of 25) because 100 divided by 25 is 4. Wait, let me check that again. Let me write it down step by step. First, divide 100 by 5: 100 / 5 = 20. That counts all the multiples of 5. But numbers like 25, 50, 75, 100 are multiples of 25, and each of these has an additional 5. So we need to divide 100 by 25 to find how many numbers contribute an extra 5. 100 / 25 = 4. Then, numbers that are multiples of 125 would contribute yet another 5, but since 125 is 5 cubed, and 125 is greater than 100, there are no such numbers in 1 to 100. Therefore, we stop here. So adding those up: 20 + 4 = 24. Therefore, there are 24 trailing zeros in 100! Wait, let me verify this with another example to make sure I didn't make a mistake. Let's take a smaller factorial, like 25!. How many trailing zeros should it have? Using the same method: 25 / 5 = 5, 25 / 25 = 1, 25 / 125 = 0. So total is 5 + 1 = 6. Let me check 25! Well, 25! is 15511210043330985984000000. Let me count the trailing zeros. It ends with 6 zeros. Yes, that matches. So the method works here. Another example: 10! 10 / 5 = 2, 10 / 25 = 0. Total is 2. And 10! is 3628800, which has two trailing zeros. Correct. So going back to 100! The calculation is 100 / 5 = 20, 100 / 25 = 4, 100 / 125 = 0. So total is 20 + 4 = 24. Therefore, 24 trailing zeros. But let me think again why this method works. Essentially, every multiple of 5 contributes at least one 5, but multiples of higher powers of 5 contribute more. So by dividing by 5, 25, 125, etc., we account for all the 5s in the factorial. Since 2s are more plentiful, we don't </think> | L10: =IF(COUNT(H10:K10)>0, SUM(H10:K10), "") | M10: 2026-09-16 11:40:27 | N10: 41.31 | O10: 33.245 | P10: 1024 | Q10: =IF(AND(ISNUMBER(O10), O10>0, ISNUMBER(P10)), ROUND(P10/O10, 2), IF(AND(ISNUMBER(N10), N10>0, ISNUMBER(P10)), ROUND(P10/N10, 2), "")) -> 30.8 | R10: 5.35 | S10: Completed | T10: Pending | U10: data/responses/Q03_QWEN.json | V10: Reached max tokens limit (num_predict=1024)
A11: Q04_PHI | B11: Q04 | C11: phi4-mini-reasoning | D11: Mathematical reasoning | E11: Medium | F11: ='Question Bank & Key'!D6 -> Find the next two numbers in the sequence: 2, 6, 12, 20, 30, ... Explain the underlying rule governing the pattern. | G11: <think> Okay, let's see. The sequence given is 2, 6, 12, 20, 30, ... and I need to find the next two numbers. Hmm, let me start by looking at the differences between the numbers. That usually helps in spotting a pattern. So, starting with the first term: 2. The difference between 6 and 2 is 4. Then between 6 and 12, the difference is 6. Next, 12 to 20 is a difference of 8. Then 20 to 30, which is a difference of 10. Let me write down these differences: 6 - 2 = 4 12 - 6 = 6 20 - 12 = 8 30 - 20 = 10 So the differences between consecutive terms are 4, 6, 8, 10. Wait a minute, those differences themselves form a sequence. Let me check that sequence: 4, 6, 8, 10. That looks like it's increasing by 2 each time. So 4, then 4+2=6, then 6+2=8, then 8+2=10. If that pattern continues, the next difference should be 10 + 2 = 12, right? Then the difference after that would be 12 + 2 = 14. Let me verify that. The last difference was 10, leading to 30. So adding 12 to 30 would give 42. Then adding 14 to 42 would give 56. So the next two numbers should be 42 and 56. But let me make sure I'm not missing something here. Sometimes sequences can have more complex rules, so I should check another way. Alternatively, maybe the sequence is related to multiplying consecutive numbers. Let's see: 2 can be 1×2, 6 is 2×3, 12 is 3×4, 20 is 4×5, 30 is 5×6. Wait, that seems to fit. Let me check: 1×2 = 2 2×3 = 6 3×4 = 12 4×5 = 20 5×6 = 30 So the next term would be 6×7 = 42, and then 7×8 = 56. That matches the earlier result from the differences. So both methods point to 42 and 56. That seems solid. But let me check another angle just to be thorough. Another approach could be looking at the sequence in terms of primes or something else, but the numbers here are 2,6,12,20,30. Primes aren't really standing out here. 2 is prime, but 6 isn't, 12 isn't, etc. So probably not primes. How about factors? Each term is the product of two consecutive integers starting from 1×2. Yeah, that's the same as the earlier observation. Alternatively, maybe each term is n(n+1), where n starts at 1. Let's see: Term 1: 1×2 = 2 Term 2: 2×3 = 6 Term 3: 3×4 = 12 Term 4: 4×5 = 20 Term 5: 5×6 = 30 So term 6 would be 6×7=42, term 7=7×8=56. Yep, same result. Alternatively, maybe the sequence is related to adding numbers in some other way. Let's see, starting from 2, adding 4 gives 6, then adding 6 gives 12, adding 8 gives 20, adding 10 gives 30. So the added numbers are 4,6,8,10, which are even numbers starting from 4 increasing by 2 each time. So next addition is 12, then 14. So 30 +12=42, 42+14=56. Same answer. Is there another possible pattern? Let's see. Let's check the ratios between terms. 6/2=3, 12/6=2, 20/12≈1.666, 30/20=1.5. That doesn't seem to form a clear pattern. So ratios are probably not the way here. Alternatively, maybe the sequence is composite numbers with certain properties? But 2,6,12,20,30—those are all composite numbers, but that's too broad. The primes are 2, then composites. But the sequence includes 6, which is composite, 12, etc. But the primes are only the first term here. So probably not. Alternatively, maybe the sequence is n² + something. Let's check: Term 1: 1² +1=2 Term 2: 2² +2=6 Term 3: 3 | L11: =IF(COUNT(H11:K11)>0, SUM(H11:K11), "") | M11: 2026-09-16 11:52:11 | N11: 31.045 | O11: 26.793 | P11: 1024 | Q11: =IF(AND(ISNUMBER(O11), O11>0, ISNUMBER(P11)), ROUND(P11/O11, 2), IF(AND(ISNUMBER(N11), N11>0, ISNUMBER(P11)), ROUND(P11/N11, 2), "")) -> 38.22 | R11: 3.64 | S11: Completed | T11: Pending | U11: data/responses/Q04_PHI.json | V11: Reached max tokens limit (num_predict=1024)
A12: Q04_DSR1 | B12: Q04 | C12: deepseek-r1:7b | D12: Mathematical reasoning | E12: Medium | F12: ='Question Bank & Key'!D6 -> Find the next two numbers in the sequence: 2, 6, 12, 20, 30, ... Explain the underlying rule governing the pattern. | G12: [FINAL ANSWER] To determine the next two numbers in the sequence \(2, 6, 12, 20, 30, \ldots\), let's analyze the pattern governing the sequence. ### Step-by-Step Explanation: 1. **Identify the Pattern:** Let's list the given terms: \[ 2,\ 6,\ 12,\ 20,\ 30,\ \ldots \] To find the pattern, calculate the difference between consecutive terms: \[ \begin{align*} 6 - 2 &= 4 \\ 12 - 6 &= 6 \\ 20 - 12 &= 8 \\ 30 - 20 &= 10 \\ \end{align*} \] The differences between consecutive terms are \(4, 6, 8, 10\), which increase by \(2\) each time. 2. **Determine the Next Differences:** Following the observed pattern, the next differences should be: \[ 10 + 2 = 12 \\ 12 + 2 = 14 \\ \] 3. **Calculate the Next Terms:** Add these differences to the last term of the sequence: \[ \begin{align*} 30 + 12 &= 42 \\ 42 + 14 &= 56 \\ \end{align*} \] 4. **Conclusion:** The next two numbers in the sequence are: \[ \boxed{42,\ 56} \] [THINKING PROCESS (<think>)] To determine the next two numbers in the sequence 2, 6, 12, 20, 30, ..., I'll start by examining the differences between consecutive terms. First, I'll calculate the differences between each pair of adjacent numbers: 6 - 2 = 4 12 - 6 = 6 20 - 12 = 8 30 - 20 = 10 I notice that these differences are increasing by 2 each time: 4, 6, 8, 10. This suggests that the next difference should be 12, and the one after that should be 14. Now, to find the next two numbers in the sequence, I'll add these differences to the last known term: 30 + 12 = 42 42 + 14 = 56 Therefore, the next two numbers in the sequence are 42 and 56. | L12: =IF(COUNT(H12:K12)>0, SUM(H12:K12), "") | M12: 2026-09-16 11:46:39 | N12: 23.051 | O12: 18.898 | P12: 571 | Q12: =IF(AND(ISNUMBER(O12), O12>0, ISNUMBER(P12)), ROUND(P12/O12, 2), IF(AND(ISNUMBER(N12), N12>0, ISNUMBER(P12)), ROUND(P12/N12, 2), "")) -> 30.21 | R12: 4.53 | S12: Completed | T12: Pending | U12: data/responses/Q04_DSR1.json
A13: Q04_QWEN | B13: Q04 | C13: qwen3:8b | D13: Mathematical reasoning | E13: Medium | F13: ='Question Bank & Key'!D6 -> Find the next two numbers in the sequence: 2, 6, 12, 20, 30, ... Explain the underlying rule governing the pattern. | G13: <think> Okay, let's see. I need to find the next two numbers in the sequence: 2, 6, 12, 20, 30, ... and explain the rule. Hmm, let me start by looking at the differences between the numbers. First, let me write down the terms with their positions to see if that helps. Let's say the first term is term 1, second term is term 2, etc. Term 1: 2 Term 2: 6 Term 3: 12 Term 4: 20 Term 5: 30 Term 6: ? Term 7: ? Now, let me calculate the differences between consecutive terms. Term 2 - Term 1 = 6 - 2 = 4 Term 3 - Term 2 = 12 - 6 = 6 Term 4 - Term 3 = 20 - 12 = 8 Term 5 - Term 4 = 30 - 20 = 10 So the differences between the terms are 4, 6, 8, 10... That seems like an arithmetic sequence where each difference increases by 2. Let me check: First difference: 4 Second difference: 6 (which is 4 + 2) Third difference: 8 (which is 6 + 2) Fourth difference: 10 (which is 8 + 2) Yes, so the differences are increasing by 2 each time. If this pattern continues, the next difference should be 10 + 2 = 12. Therefore, Term 6 would be Term 5 + 12 = 30 + 12 = 42. Then the following difference would be 12 + 2 = 14, making Term 7 = 42 + 14 = 56. But let me verify if there's another way to look at this sequence. Sometimes sequences can be represented by formulas involving n, the term number. Let me check if there's a formula for the nth term. Looking at the terms: Term 1: 2 Term 2: 6 Term 3: 12 Term 4: 20 Term 5: 30 Hmm, these numbers look familiar. Let me think... 2 is 1×2, 6 is 2×3, 12 is 3×4, 20 is 4×5, 30 is 5×6. Oh! So each term is n multiplied by (n + 1), where n starts at 1. Let me check: For Term 1: 1×(1+1) = 1×2 = 2 ✔️ Term 2: 2×(2+1) = 2×3 = 6 ✔️ Term 3: 3×4 = 12 ✔️ Term 4: 4×5 = 20 ✔️ Term 5: 5×6 = 30 ✔️ Yes! So the general formula for the nth term is n(n + 1). Therefore, Term 6 would be 6×7 = 42, and Term 7 is 7×8 = 56. That matches the earlier result from the differences. So both methods lead to the same conclusion. The sequence is generated by multiplying each term's position by one more than the position. Therefore, the next two numbers are 42 and 56. Let me just make sure there isn't another possible pattern. For example, sometimes sequences can involve factorials or other operations, but in this case, the multiplication pattern seems straightforward. Let me check if the differences could also be explained by another rule. The differences are 4, 6, 8, 10,... which is an arithmetic progression with first term 4 and common difference 2. So the difference between term n and term n-1 is 4 + 2(n-2). Wait, let me think. Actually, the first difference (between term 1 and term 2) is 4. If we consider the difference between term k and term k-1 as 2k + 2? Wait, maybe not. Let me think again. Alternatively, since the nth term is n(n+1), then the difference between term n and term n-1 is: Term n - Term (n-1) = n(n + 1) - (n - 1)(n) = n² + n - [n(n - 1)] = n² + n - (n² - n) = n² + n - n² + n = </think> | L13: =IF(COUNT(H13:K13)>0, SUM(H13:K13), "") | M13: 2026-09-16 11:41:41 | N13: 37.544 | O13: 33.053 | P13: 1024 | Q13: =IF(AND(ISNUMBER(O13), O13>0, ISNUMBER(P13)), ROUND(P13/O13, 2), IF(AND(ISNUMBER(N13), N13>0, ISNUMBER(P13)), ROUND(P13/N13, 2), "")) -> 30.98 | R13: 5.35 | S13: Completed | T13: Pending | U13: data/responses/Q04_QWEN.json | V13: Reached max tokens limit (num_predict=1024)
A14: Q05_PHI | B14: Q05 | C14: phi4-mini-reasoning | D14: Mathematical reasoning | E14: Hard | F14: ='Question Bank & Key'!D7 -> Three fair standard six-sided dice are rolled simultaneously. What is the exact probability that the sum of the numbers rolled is equal to 10? Express your answer as a simplified fraction and explain each step. | G14: <think> Okay, so I need to find the probability that the sum of three six-sided dice is exactly 10. Let me think about how to approach this. First, I remember that when dealing with probabilities involving dice, it's often helpful to figure out the total number of possible outcomes and then the number of favorable outcomes. The probability would then be the ratio of favorable outcomes to total outcomes. Since there are three dice, each die has 6 possible outcomes. So the total number of possible outcomes should be 6 * 6 * 6. Let me calculate that: 6 * 6 is 36, and 36 * 6 is 216. So there are 216 possible outcomes when rolling three dice. That part seems straightforward. Now, the tricky part is figuring out how many of those outcomes result in a sum of 10. To do this, I need to count all the ordered triples (a, b, c) where each of a, b, c is between 1 and 6 inclusive, and a + b + c = 10. I recall that this is a problem of finding the number of integer solutions to the equation a + b + c = 10 with each variable at least 1 and at most 6. Since each die must show at least 1, the minimum sum is 3 (1+1+1) and the maximum is 18 (6+6+6). So 10 is within that range. To solve the equation a + b + c = 10 with 1 ≤ a, b, c ≤ 6, I can use the stars and bars method. But wait, stars and bars usually applies when variables are non-negative integers. Since each die must be at least 1, I can make a substitution: let a' = a - 1, b' = b - 1, c' = c - 1. Then the equation becomes a' + b' + c' = 10 - 3 = 7, where a', b', c' are non-negative integers and each a' ≤ 5, b' ≤ 5, c' ≤ 5 (since the original variables can't exceed 6). So now the problem is transformed into finding the number of non-negative integer solutions to a' + b' + c' = 7 with each variable at most 5. The standard stars and bars formula without restrictions would give C(7 + 3 - 1, 3 - 1) = C(9, 2) = 36 solutions. But this includes solutions where one or more variables exceed 5. So we need to subtract those cases where a variable is greater than 5. Let me recall the inclusion-exclusion principle here. The number of solutions where a' ≥ 6 (since the original variables can be at most 6, so a' = a - 1 ≤ 5). If a' ≥ 6, let’s set a'' = a' - 6. Then the equation becomes a'' + b' + c' = 7 - 6 = 1. The number of solutions here is C(1 + 3 - 1, 3 - 1) = C(3, 2) = 3. Similarly, the same applies if b' ≥ 6 or c' ≥ 6. So there are 3 * 3 = 9 such solutions where any one variable exceeds 5. But wait, inclusion-exclusion also requires considering cases where two variables exceed 5. However, if two variables exceed 5, say a' ≥ 6 and b' ≥ 6, then setting a'' = a' - 6 and b'' = b' - 6, the equation becomes a'' + b'' + c' = 7 - 12 = -5. Since the right-hand side is negative, there are no solutions here. Similarly, any two variables exceeding 5 would lead to a negative total, which isn't possible. So there are no such cases to add back in. Therefore, the number of valid solutions is total solutions without restrictions (36) minus the solutions where any variable exceeds 5 (9), giving 36 - 9 = 27. But wait, hold on. Let me verify this. So the original equation after substitution is a' + b' + c' = 7, with each a', b', c' ≤ 5. The number of solutions is C(9, 2) - 3*C(3, 2). Wait, no, inclusion-exclusion formula is: Number of solutions = total solutions - sum of solutions where each variable exceeds - sum of solutions where two variables exceed + ... But in this case, the number of solutions where a single variable exceeds 5 is 3 (as calculated earlier) for each variable, so 3 * 3 = 9. Since there are no | L14: =IF(COUNT(H14:K14)>0, SUM(H14:K14), "") | M14: 2026-09-16 11:53:17 | N14: 30.627 | O14: 26.364 | P14: 1024 | Q14: =IF(AND(ISNUMBER(O14), O14>0, ISNUMBER(P14)), ROUND(P14/O14, 2), IF(AND(ISNUMBER(N14), N14>0, ISNUMBER(P14)), ROUND(P14/N14, 2), "")) -> 38.84 | R14: 3.64 | S14: Completed | T14: Pending | U14: data/responses/Q05_PHI.json | V14: Reached max tokens limit (num_predict=1024)
A15: Q05_DSR1 | B15: Q05 | C15: deepseek-r1:7b | D15: Mathematical reasoning | E15: Hard | F15: ='Question Bank & Key'!D7 -> Three fair standard six-sided dice are rolled simultaneously. What is the exact probability that the sum of the numbers rolled is equal to 10? Express your answer as a simplified fraction and explain each step. | G15: <think> Okay, so I have this problem where I need to find the probability that the sum of three fair six-sided dice is equal to 10. Hmm, let me think about how to approach this. I remember that when dealing with probabilities involving dice, it's often useful to figure out the number of favorable outcomes divided by the total number of possible outcomes. First, let me recall that each die has 6 faces, so when rolling three dice, the total number of possible outcomes is 6 multiplied by itself three times, which is 6^3. Let me calculate that: 6*6 is 36, and 36*6 is 216. So, there are 216 possible outcomes when rolling three dice. Got that down. Now, the tricky part is figuring out how many of these outcomes result in a sum of 10. I think this is a combinatorics problem where I need to find the number of integer solutions to the equation a + b + c = 10, where each of a, b, and c is at least 1 and at most 6. Because each die can only show a number from 1 to 6, inclusive. Wait, so each die must be at least 1, so maybe I can adjust the equation to account for that. If I let a' = a - 1, b' = b - 1, c' = c - 1, then each of a', b', c' is at least 0. Then the equation becomes (a' + 1) + (b' + 1) + (c' + 1) = 10, which simplifies to a' + b' + c' = 7. So now, I need to find the number of non-negative integer solutions to a' + b' + c' = 7, where each a', b', c' is at most 5, because the original a, b, c can be at most 6, so a' = a - 1 can be at most 5. I remember that the formula for the number of non-negative integer solutions to x1 + x2 + ... + xn = k is C(k + n - 1, n - 1). So in this case, n is 3, k is 7, so the number of solutions without any restrictions would be C(7 + 3 - 1, 3 - 1) = C(9, 2). Let me compute that: 9 choose 2 is (9*8)/(2*1) = 36. So there are 36 solutions without considering the upper limit of 5 on each variable. But wait, some of these solutions might have a' > 5, which would mean a > 6, which isn't allowed. So I need to subtract those cases where one or more of a', b', c' exceed 5. This is where the inclusion-exclusion principle comes into play. First, I need to find the number of solutions where a' >= 6. If a' >= 6, let's set a'' = a' - 6, so a'' >= 0. Then the equation becomes a'' + b' + c' = 7 - 6 = 1. The number of non-negative solutions to this is C(1 + 3 - 1, 3 - 1) = C(3, 2) = 3. Similarly, the same number applies for b' >=6 and c' >=6. So each variable exceeding 5 contributes 3 solutions. But wait, can two variables exceed 5 at the same time? Let's check. If a' >=6 and b' >=6, then a'' = a' -6, b'' = b' -6, so the equation becomes a'' + b'' + c' = 7 - 12 = -5. That's not possible, so there are no solutions where two variables exceed 5. Therefore, we don't have to worry about overcounting in the inclusion-exclusion principle beyond subtracting the cases where one variable exceeds 5. So, the total number of invalid solutions is 3 variables * 3 solutions each = 9. Therefore, the number of valid solutions is 36 - 9 = 27. Wait, hold on. Let me verify that. So, the initial number of solutions is 36. Then, for each die, if it exceeds 5, we subtract 3. Since there are three dice, that's 3*3=9. So 36 - 9 = 27. That seems right. But just to make sure, maybe I can list all the possible combinations that sum to 10 with three dice. Let me see. Alternatively, maybe I can think of it as </think> | L15: =IF(COUNT(H15:K15)>0, SUM(H15:K15), "") | M15: 2026-09-16 11:47:50 | N15: 35.292 | O15: 31.119 | P15: 1024 | Q15: =IF(AND(ISNUMBER(O15), O15>0, ISNUMBER(P15)), ROUND(P15/O15, 2), IF(AND(ISNUMBER(N15), N15>0, ISNUMBER(P15)), ROUND(P15/N15, 2), "")) -> 32.91 | R15: 4.53 | S15: Completed | T15: Pending | U15: data/responses/Q05_DSR1.json | V15: Reached max tokens limit (num_predict=1024)
A16: Q05_QWEN | B16: Q05 | C16: qwen3:8b | D16: Mathematical reasoning | E16: Hard | F16: ='Question Bank & Key'!D7 -> Three fair standard six-sided dice are rolled simultaneously. What is the exact probability that the sum of the numbers rolled is equal to 10? Express your answer as a simplified fraction and explain each step. | G16: <think> Okay, so I need to find the probability that when rolling three standard six-sided dice, the sum is exactly 10. Let me think about how to approach this. First, I remember that when dealing with probabilities involving dice, it's often helpful to figure out the total number of possible outcomes and then determine how many of those outcomes result in the desired sum. Since each die has 6 sides, and we're rolling three dice, the total number of possible outcomes should be 6 multiplied by itself three times. Let me write that down: Total outcomes = 6 × 6 × 6 = 216. Okay, so there are 216 possible outcomes when rolling three dice. Now, I need to find how many of these outcomes result in a sum of 10. To do this, I think I need to find all the combinations of three numbers (each between 1 and 6) that add up to 10. Each number represents the result of one die. Let me denote the three numbers as a, b, and c, where each of them is an integer between 1 and 6 inclusive, and a + b + c = 10. So, the problem reduces to finding the number of integer solutions to the equation a + b + c = 10 with 1 ≤ a, b, c ≤ 6. But how do I count these solutions? I remember something about stars and bars from combinatorics, but I also need to consider the upper limits on each variable (since each die can't exceed 6). Let me recall. The standard stars and bars formula for the number of positive integer solutions to a + b + c = n is C(n-1, 2), where C is the combination function. However, this doesn't account for the upper limits on each variable. Since each die can only go up to 6, we need to adjust for that. Alternatively, maybe I can use generating functions? Or perhaps it's easier to list all possible combinations? Wait, listing might be tedious, but since the numbers are small, maybe manageable. Let me try both approaches and see which works better. First, let me try the stars and bars approach with inclusion-exclusion. The equation is a + b + c = 10, with 1 ≤ a, b, c ≤ 6. Let me first adjust the variables to make them non-negative integers. Let me set a' = a - 1, b' = b - 1, c' = c - 1. Then, the equation becomes: a' + 1 + b' + 1 + c' + 1 = 10 ⇒ a' + b' + c' = 10 - 3 = 7. Now, the problem is to find the number of non-negative integer solutions to a' + b' + c' = 7, where each a', b', c' ≤ 5 (since original variables a, b, c ≤ 6, so subtracting 1 gives ≤5). The standard number of solutions without considering the upper bounds is C(7 + 3 - 1, 3 - 1) = C(9, 2) = 36. But this counts solutions where some variables might exceed 5. So we need to subtract those cases where one or more variables are greater than 5. Let me recall inclusion-exclusion principle here. First, compute the total number of solutions without restrictions: C(9, 2) = 36. Now, subtract the number of solutions where at least one variable is ≥6. Let's compute that. Let me define A as the set of solutions where a' ≥ 6, B where b' ≥ 6, and C where c' ≥ 6. We need to compute |A ∪ B ∪ C| and subtract it from the total. By inclusion-exclusion: |A ∪ B ∪ C| = |A| + |B| + |C| - |A ∩ B| - |A ∩ C| - |B ∩ C| + |A ∩ B ∩ C|. First, compute |A|. If a' ≥ 6, let me set a'' = a' - 6 ≥ 0. Then the equation becomes a'' + 6 + b' + c' = 7 ⇒ a'' + b' + c' = 1. The number of non-negative solutions is C(1 + 3 - 1, 3 - 1) = C(3, 2) = 3. Similarly, |B| = |C| = 3. So total for |A| + |B| + |C| = 3*3 = 9. Next, compute |A ∩ B|. This is the number of solutions where </think> | L16: =IF(COUNT(H16:K16)>0, SUM(H16:K16), "") | M16: 2026-09-16 11:42:45 | N16: 37.811 | O16: 33.269 | P16: 1024 | Q16: =IF(AND(ISNUMBER(O16), O16>0, ISNUMBER(P16)), ROUND(P16/O16, 2), IF(AND(ISNUMBER(N16), N16>0, ISNUMBER(P16)), ROUND(P16/N16, 2), "")) -> 30.78 | R16: 5.35 | S16: Completed | T16: Pending | U16: data/responses/Q05_QWEN.json | V16: Reached max tokens limit (num_predict=1024)
A17: Q06_PHI | B17: Q06 | C17: phi4-mini-reasoning | D17: Logical reasoning | E17: Easy | F17: ='Question Bank & Key'!D8 -> A farmer has 17 sheep, and all but 9 die. How many live sheep does the farmer have left? State your answer and briefly explain the logic. | G17: [FINAL ANSWER] The farmer originally has 17 sheep. The phrase "all but 9 die" means that **9 sheep survive**, and the remaining **17 - 9 = 8** die. **Answer:** \boxed{9} *Logic:* "All but 9 die" implies 9 sheep do not die (survive), so the farmer has 9 live sheep left. [THINKING PROCESS (<think>)] Okay, let's see. The problem says a farmer has 17 sheep, and all but 9 die. How many live sheep does the farmer have left? Hmm. So, the farmer starts with 17 sheep. Then "all but 9 die." Wait, "all but 9" die. So, does that mean that except for 9 sheep, all die? Or does it mean that all die except for 9? Let me parse this sentence again. The phrase "all but 9 die" – "but" here is used to contrast. So, it's like saying "everyone except for 9 die," which would mean that 9 sheep do not die, and all the others die. So, if the farmer originally has 17 sheep, and all but 9 die, then 9 survive, and 17 minus 9 die. So, 17 - 9 = 8. Wait, no. Wait, if all but 9 die, then the number that die is total minus 9. So, 17 total sheep, all but 9 die, so 17 - 9 = 8 sheep die, and 9 survive. Therefore, the farmer has 9 live sheep left. But wait, let me make sure. Sometimes these problems can be tricky with the wording. Let's break it down. "All but 9 die" – "all" refers to the entire group except for 9. So, out of the 17 sheep, "all" would mean every sheep, but there's an exception: 9 that don't die. So, 9 sheep survive, and the remaining (17 - 9 = 8) die. Therefore, the answer should be 9. Alternatively, someone might misinterpret "all but 9 die" as "first, all die, but then 9 remain," but that doesn't make sense. The correct interpretation is that except for 9, all the sheep die. So, 8 die, 9 survive. So, the farmer has 9 live sheep left. Another way to think about it: "all but X" means "completely except for X." So, if you have all but X of something, that means you have X left and the rest are excluded. For example, if I say "all but one of the cookies were eaten," that means one cookie remains.Even more clearly, if the problem had said "all but 9 died," then the number of living sheep would be 9. Because "all but 9" refers to the dying ones, so 9 live. So, the key is understanding that "all but 9" die. So, the death toll is 17 - 9 = 8, and survivors are 9. Therefore, the answer is 9. | L17: =IF(COUNT(H17:K17)>0, SUM(H17:K17), "") | M17: 2026-09-16 11:59:00 | N17: 23.833 | O17: 16.919 | P17: 662 | Q17: =IF(AND(ISNUMBER(O17), O17>0, ISNUMBER(P17)), ROUND(P17/O17, 2), IF(AND(ISNUMBER(N17), N17>0, ISNUMBER(P17)), ROUND(P17/N17, 2), "")) -> 39.13 | R17: 3.64 | S17: Completed | T17: Pending | U17: data/responses/Q06_PHI.json
A18: Q06_DSR1 | B18: Q06 | C18: deepseek-r1:7b | D18: Logical reasoning | E18: Easy | F18: ='Question Bank & Key'!D8 -> A farmer has 17 sheep, and all but 9 die. How many live sheep does the farmer have left? State your answer and briefly explain the logic. | G18: [FINAL ANSWER] Sure, let's break down the problem step by step. **Problem Statement:** A farmer has 17 sheep, and all but 9 die. How many live sheep does the farmer have left? **Solution:** 1. **Initial Number of Sheep:** - The farmer starts with **17 sheep**. 2. **Understanding "All but 9 Die":** - The phrase "all but 9" means that **all sheep except 9** die. - In other words, **9 sheep survive**. 3. **Calculating the Number of Live Sheep:** - Total sheep initially = 17 - Sheep that die = 17 - 9 = 8 - Sheep that survive = 9 **Final Answer:** \[ \boxed{9} \] [THINKING PROCESS (<think>)] First, the farmer starts with 17 sheep. The phrase "all but 9 die" means that 9 sheep survive. Therefore, the number of live sheep remaining is 9. | L18: =IF(COUNT(H18:K18)>0, SUM(H18:K18), "") | M18: 2026-09-16 11:22:53 | N18: 13.25 | O18: 9.038 | P18: 217 | Q18: =IF(AND(ISNUMBER(O18), O18>0, ISNUMBER(P18)), ROUND(P18/O18, 2), IF(AND(ISNUMBER(N18), N18>0, ISNUMBER(P18)), ROUND(P18/N18, 2), "")) -> 24.01 | R18: 4.53 | S18: Completed | T18: Pending | U18: data/responses/Q06_DSR1.json
A19: Q06_QWEN | B19: Q06 | C19: qwen3:8b | D19: Logical reasoning | E19: Easy | F19: ='Question Bank & Key'!D8 -> A farmer has 17 sheep, and all but 9 die. How many live sheep does the farmer have left? State your answer and briefly explain the logic. | G19: [FINAL ANSWER] The farmer has **9 live sheep** left. **Explanation:** The phrase "all but 9 die" means that 9 sheep are exceptions to the action of dying. Therefore, out of the 17 sheep, 9 survive, and the remaining 8 die. The question specifically asks for the number of live sheep, which is the 9 that did not die. **Answer:** 9 live sheep. [THINKING PROCESS (<think>)] Okay, let's see. The problem says a farmer has 17 sheep, and all but 9 die. How many live sheep does the farmer have left? Hmm, so first, I need to understand what "all but 9 die" means. The phrase "all but 9" usually means that 9 are exceptions. So if there are 17 sheep total, and all except 9 die, that would mean 9 survive. Wait, but the question is asking how many live sheep are left. So if all but 9 die, then 9 are alive. But let me make sure I'm interpreting this correctly. Let me break it down. The farmer starts with 17 sheep. "All but 9 die" – so "all" refers to all the sheep, except for 9. So the number of sheep that die is total sheep minus the ones that don't die. So total sheep is 17. If all but 9 die, then the number that die is 17 - 9 = 8. Wait, that would mean 8 die and 9 are left? Wait, that seems conflicting. Let me think again. Wait, maybe I'm mixing up the phrasing. If "all but 9 die," that means that 9 are not dying, so they are the ones that survive. Therefore, the number of live sheep would be 9. But then the total number of sheep is 17, so 17 - 9 = 8 died. So the answer would be 9? But let me check if that's correct. Alternatively, sometimes people might misinterpret "all but 9" as meaning that 9 are left, so the answer is 9. But maybe there's a trick here. Let me think again. Suppose the farmer has 17 sheep. All but 9 die. So "all" refers to all the sheep, and "but 9" means that 9 are exceptions. Therefore, 9 are alive, and the rest (17 - 9 = 8) die. Therefore, the number of live sheep is 9. So the answer is 9. But wait, maybe there's a different way to interpret it. For example, if someone says "all but 9 die," does that mean that 9 die and the rest live? No, that would be different. "All but 9" would mean that 9 are not included in the "all." So if you have all except 9, then 9 are the ones that are not part of the "all." So if the "all" refers to the ones that die, then "all but 9" would mean that 9 are not dying, so they are alive. Therefore, the answer is 9. Alternatively, maybe the question is trying to trick you into thinking it's 8, but actually, it's 9. Let me check with an example. Suppose there are 10 sheep. If all but 3 die, how many live? It would be 3. So applying the same logic, 17 sheep, all but 9 die, so 9 live. Therefore, the answer is 9. But wait, maybe there's a trick with the wording. The question says "all but 9 die." So "all" refers to the entire group. So "all but 9" is the same as "9 are left." Therefore, the answer is 9. So the farmer has 9 live sheep left. That seems straightforward. But maybe I need to confirm with another example. If there are 5 sheep, and all but 2 die, then 2 are left. So yes, same logic. Therefore, in the original problem, 17 sheep, all but 9 die, so 9 are left. Therefore, the answer is 9. But wait, sometimes people might think that "all but 9" means that 9 die, but that would be incorrect. Because "all but 9" is a way of saying "everything except 9," so the 9 are the ones that are not included in the action. Since the action is "die," then the 9 are the ones that don't die. Therefore, the answer is 9. So I think that's the correct answer. | L19: =IF(COUNT(H19:K19)>0, SUM(H19:K19), "") | M19: 2026-09-16 11:30:23 | N19: 40.401 | O19: 31.734 | P19: 995 | Q19: =IF(AND(ISNUMBER(O19), O19>0, ISNUMBER(P19)), ROUND(P19/O19, 2), IF(AND(ISNUMBER(N19), N19>0, ISNUMBER(P19)), ROUND(P19/N19, 2), "")) -> 31.35 | R19: 5.35 | S19: Completed | T19: Pending | U19: data/responses/Q06_QWEN.json
A20: Q07_PHI | B20: Q07 | C20: phi4-mini-reasoning | D20: Logical reasoning | E20: Easy | F20: ='Question Bank & Key'!D9 -> All roses are flowers. Some flowers fade quickly. Does it strictly follow that some roses fade quickly? Answer with 'Yes' or 'No' and provide a formal logical justification. | G20: [FINAL ANSWER] \boxed{No} **Logical Justification:** The premises "All roses are flowers" (∀x, if x is a rose then x is a flower) and "Some flowers fade quickly" (∃x, x is a flower that fades quickly) do not necessarily entail "Some roses fade quickly" (∃x, x is a rose that fades quickly). Formally, consider a model where: 1. All roses are flowers (satisfies ∀ [THINKING PROCESS (<think>)] Okay, let's see. The problem is: All roses are flowers. Some flowers fade quickly. Does it strictly follow that some roses fade quickly? The answer is either Yes or No, and I need to provide a formal logical justification. Hmm. So first, let's break down the statements. The first premise is "All roses are flowers." In logical terms, that would be a universal statement: For all x, if x is a rose, then x is a flower. Symbolically, ∀x (Rose(x) → Flower(x)). The second premise is "Some flowers fade quickly." That's an existential statement: There exists at least one flower that fades quickly. Symbolically, ∃x (Flower(x) ∧ FadeQuick(x)). The question is asking if these two premises necessarily lead to "Some roses fade quickly," which is the conclusion we need to evaluate. Symbolically, that would be ∃x (Rose(x) ∧ FadeQuick(x)). So, the task is to determine if the conjunction of the two premises (∀x (Rose(x) → Flower(x)) ∧ ∃x (Flower(x) ∧ FadeQuick(x)) ) entails ∃x (Rose(x) ∧ FadeQuick(x)). I need to check if the first two statements together necessarily make the third one true. In other words, is the conclusion a logical consequence of the premises? Let me think about this. The first premise says that all roses are flowers, which is a one-way implication. It doesn't say that flowers are all roses. So, there could be flowers that are not roses. The second premise says that some flowers fade quickly, but those flowers could be any kind of flower, not necessarily roses. For example, imagine a world where all roses are flowers, but the flowers that fade quickly are daisils, which are not roses. In that case, the premises would be true, but the conclusion that some roses fade quickly would also be true. Wait, no, in that case, the premises are true, but the conclusion is false. Wait, no, if the flowers that fade quickly are daisils, then there are no roses that fade quickly. But the premises don't say anything about roses fading quickly. So in that scenario, the premises are true, but the conclusion is false. Therefore, the conclusion doesn't strictly follow. So the answer would be No. But let me verify this with formal logic. Let's see. Suppose we have: 1. ∀x (Rose(x) → Flower(x)) 2. ∃x (Flower(x) ∧ FadeQuick(x)) Does this entail ∃x (Rose(x) ∧ FadeQuick(x))? To check for entailment, we need to see if every model that satisfies the premises also satisfies the conclusion. Consider a model where all roses are flowers. Let's say in this model, there are some flowers that fade quickly, but those flowers are not roses. For instance, let’s take a domain where the only flowers are daisils and roses. The daillils are the ones that fade quickly. But roses are also flowers, but they don't fade quickly. So in this model, premise 1 is true because all roses are flowers. Premise 2 is true because daisils (which are flowers) fade quickly. However, the conclusion ∃x (Rose(x) ∧ FadeQuick(x)) is false because no roses fade quickly. Therefore, the premises can be true without the conclusion being true. Hence, the conclusion does not follow necessarily. So the answer is No. Another way to think about it is using syllogism. The problem is testing whether the syllogism is valid. The structure here is: All A are B. Some B are C. Therefore, some A are C. In traditional syllogism terms, this is a fallacy of the undistributed variable. The first premise is "All A are B," which is valid. The second premise is "Some B are C." The problem is trying to conclude "Some A are C." But this isn't a valid syllogistic form. The middle term B is undistributed in the second premise ("Some B are C" is an existential statement, which doesn't distribute). Therefore, the syllogism is invalid. The conclusion doesn't necessarily follow. So, in summary, the answer is No because the premises don't provide sufficient information to conclude that roses fade quickly; the flowers that fade quickly could be a different category of flowers that are not roses. | L20: =IF(COUNT(H20:K20)>0, SUM(H20:K20), "") | M20: 2026-09-16 11:10:10 | N20: 33.518 | O20: 26.882 | P20: 1024 | Q20: =IF(AND(ISNUMBER(O20), O20>0, ISNUMBER(P20)), ROUND(P20/O20, 2), IF(AND(ISNUMBER(N20), N20>0, ISNUMBER(P20)), ROUND(P20/N20, 2), "")) -> 38.09 | R20: 3.64 | S20: Completed | T20: Pending | U20: data/responses/Q07_PHI.json | V20: Reached max tokens limit (num_predict=1024)
A21: Q07_DSR1 | B21: Q07 | C21: deepseek-r1:7b | D21: Logical reasoning | E21: Easy | F21: ='Question Bank & Key'!D9 -> All roses are flowers. Some flowers fade quickly. Does it strictly follow that some roses fade quickly? Answer with 'Yes' or 'No' and provide a formal logical justification. | G21: [FINAL ANSWER] Yes. The conclusion strictly follows from the premises. 1. The first premise states that all roses are flowers, which can be represented as ∀x (R(x) → F(x)). 2. The second premise states that some flowers fade quickly, represented as ∃x (F(x) ∧ Q(x)). 3. Combining these, we can infer that there exists at least one x such that R(x) ∧ Q(x), because if all roses are flowers and some flowers fade quickly, those flowers that fade quickly must include roses. 4. Therefore, some roses fade quickly, which is the conclusion. This follows logically using the rules of syllogistic logic, specifically the Barbara syllogism, ensuring the conclusion is valid. [THINKING PROCESS (<think>)] Okay, so I have this logic problem here: "All roses are flowers. Some flowers fade quickly. Does it strictly follow that some roses fade quickly?" I need to figure out if the conclusion necessarily follows from the premises. Hmm, let's break this down step by step. First, let's translate the statements into logical terms. The first premise is "All roses are flowers." In predicate logic, that would be something like ∀x (R(x) → F(x)), where R(x) means "x is a rose" and F(x) means "x is a flower." So every rose is a flower. The second premise is "Some flowers fade quickly." That translates to ∃x (F(x) ∧ Q(x)), where Q(x) means "x fades quickly." So there exists at least one flower that fades quickly. Now, the question is whether we can conclude that "Some roses fade quickly," which would be ∃x (R(x) ∧ Q(x)). I remember that in syllogistic logic, if all members of one category (roses) are included in another (flowers), and some members of the second category (flowers) have a certain property (fade quickly), then it follows that some members of the first category (roses) must also have that property. This is similar to the Barbara syllogism, which is a valid form in traditional syllogistics. But wait, I should make sure I'm not missing anything. Let me think of an example. Suppose all roses are indeed flowers. Now, if some flowers fade quickly, does that mean some roses do too? Well, since all roses are flowers, any flower that fades quickly could be a rose. So yes, there must be some roses that fade quickly. Alternatively, if I think about it in terms of sets, the set of roses is a subset of the set of flowers. The set of flowers that fade quickly is a non-empty subset of all flowers. Since roses are entirely within flowers, the intersection of roses and flowers that fade quickly must also be non-empty. Therefore, some roses fade quickly. I don't think there's a scenario where all flowers that fade quickly are non-roses. Because if all roses are flowers, then any flower that is a rose is part of the set that could fade quickly. So the conclusion seems to hold. Wait, could there be a case where all flowers that fade quickly are non-roses? No, because if all roses are flowers, then the flowers that fade quickly could include roses or not, but since we know some flowers fade quickly, and all roses are flowers, it's possible that some of those flowers that fade quickly are roses. Therefore, it's necessary that some roses fade quickly. So, putting it all together, the premises do lead to the conclusion. Therefore, the answer should be 'Yes'. | L21: =IF(COUNT(H21:K21)>0, SUM(H21:K21), "") | M21: 2026-09-16 11:23:56 | N21: 31.621 | O21: 24.053 | P21: 742 | Q21: =IF(AND(ISNUMBER(O21), O21>0, ISNUMBER(P21)), ROUND(P21/O21, 2), IF(AND(ISNUMBER(N21), N21>0, ISNUMBER(P21)), ROUND(P21/N21, 2), "")) -> 30.85 | R21: 4.53 | S21: Completed | T21: Pending | U21: data/responses/Q07_DSR1.json
A22: Q07_QWEN | B22: Q07 | C22: qwen3:8b | D22: Logical reasoning | E22: Easy | F22: ='Question Bank & Key'!D9 -> All roses are flowers. Some flowers fade quickly. Does it strictly follow that some roses fade quickly? Answer with 'Yes' or 'No' and provide a formal logical justification. | G22: [FINAL ANSWER] No. **Formal Justification:** Let R(x) = "x is a rose," F(x) = "x is a flower," and Q(x) = "x fades quickly." - Premise 1: ∀x (R(x) → F(x)) (All roses are flowers). - Premise 2: ∃x (F(x) ∧ Q(x)) (Some flowers fade quickly). The conclusion ∃x (R(x) ∧ Q(x)) ("Some roses fade quickly") does not strictly follow. Premise 2 only asserts that some flowers (possibly non-roses) fade quickly. Since roses are a subset of flowers, there is no logical necessity that the flowers fading quickly overlap with roses. For example, all flowers that fade quickly could be non-roses, making the conclusion false while preserving the premises. Thus, the conclusion is not entailed by the premises. [THINKING PROCESS (<think>)] Okay, let's see. The question is about whether the statement "All roses are flowers. Some flowers fade quickly. Does it strictly follow that some roses fade quickly?" So I need to figure out if the conclusion necessarily follows from the premises. First, let me break down the premises. The first premise is "All roses are flowers." In logical terms, this is a universal statement. So if I denote R as roses and F as flowers, then this would be ∀x (R(x) → F(x)). That means for every x, if x is a rose, then x is a flower. The second premise is "Some flowers fade quickly." Let me denote F as flowers and Q as fade quickly. So this is ∃x (F(x) ∧ Q(x)). There exists at least one x that is a flower and fades quickly. Now, the conclusion is "Some roses fade quickly," which would be ∃x (R(x) ∧ Q(x)). So the question is, does the combination of the two premises necessarily lead to the conclusion? Let me think about logical implications. The first premise says all roses are flowers, so roses are a subset of flowers. The second premise says that some flowers (which could be any subset) fade quickly. But does that mean that some roses must be in that subset? Wait, here's a possible problem. The second premise says some flowers fade quickly, but those flowers could be entirely separate from roses. For example, maybe all the flowers that fade quickly are not roses. So even though all roses are flowers, the flowers that fade quickly might not include any roses. Therefore, the conclusion that some roses fade quickly might not hold. Let me try to formalize this. Suppose we have a universe of flowers. Let's say there are two groups: roses and non-roses. The first premise says all roses are in the flowers. The second premise says that some flowers (maybe non-roses) fade quickly. There's no information linking the fading quickly to roses specifically. So unless there's an overlap between the flowers that fade quickly and the roses, we can't conclude that some roses fade quickly. So, for example, imagine a scenario where all flowers that fade quickly are tulips, and there are no tulips that are roses. Then the premises hold, but the conclusion doesn't. Therefore, the conclusion isn't necessarily true. Therefore, the answer should be No. The premises don't strictly lead to the conclusion because the set of flowers that fade quickly might not intersect with roses at all. | L22: =IF(COUNT(H22:K22)>0, SUM(H22:K22), "") | M22: 2026-09-16 11:31:23 | N22: 28.545 | O22: 23.701 | P22: 716 | Q22: =IF(AND(ISNUMBER(O22), O22>0, ISNUMBER(P22)), ROUND(P22/O22, 2), IF(AND(ISNUMBER(N22), N22>0, ISNUMBER(P22)), ROUND(P22/N22, 2), "")) -> 30.21 | R22: 5.35 | S22: Completed | T22: Pending | U22: data/responses/Q07_QWEN.json
A23: Q08_PHI | B23: Q08 | C23: phi4-mini-reasoning | D23: Logical reasoning | E23: Medium | F23: ='Question Bank & Key'!D10 -> Alice, Bob, and Charlie are sitting in a row. Alice is not on the far right. Bob is sitting to the immediate right of Alice. Who is sitting on the far left? Deduce the exact left-to-right seating arrangement step by step. | G23: <think> Okay, let's see. So there are three people: Alice, Bob, and Charlie. They're sitting in a row. The problem says Alice is not on the far right. Bob is sitting to the immediate right of Alice. We need to figure out who's on the far left. First, let me visualize the seating arrangement. There are three seats in a row, so the positions are left to right, let's say positions 1, 2, 3. We need to arrange Alice (A), Bob (B), and Charlie (C) in these positions. The key clues here are: 1. Alice is not on the far right. So Alice can't be in position 3. 2. Bob is sitting to the immediate right of Alice. That means wherever Alice is sitting, Bob is next to her on the right side. So if Alice is in position 1, Bob must be in position 2. If Alice were in position 2, Bob would have to be in position 3. But Alice can't be in position 3 because she's not on the far right. Let's break it down step by step. First, possible positions for Alice. Since she's not on the far right (position 3), she must be in position 1 or 2. Case 1: Alice is in position 1. Then Bob, being to her immediate right, would be in position 2. That leaves Charlie in position 3. So the arrangement would be A, B, C. In this case, the far left is Alice. But let's check if this fits all conditions. Alice is not on the far right (she's in 1, which is fine). Bob is immediately right of Alice (1 and 2, correct). So this is a possible arrangement. Case 2: Alice is in position 2. Then Bob must be in position 3 (immediate right). That leaves Charlie in position 1. So the arrangement would be C, A, B. Here, Alice is in position 2 (not far right), Bob is immediately right of Alice. So this also fits all conditions. In this case, the far left is Charlie. Wait, so there are two possible arrangements? But the question asks "Who is sitting on the far left?" which suggests there's a unique answer. Did I miss something? Let me check again. The problem states that Alice is not on the far right. So in the first case, Alice is on the far left. In the second case, Alice is in the middle. Both are allowed. But Bob must be immediately to the right of Alice. So in the first case, A-B-C, Bob is next to Alice. In the second case, C-A-B, Bob is next to Alice. Both satisfy the conditions. But the problem seems to expect a single answer. Hmm. Wait, maybe there's a constraint I overlooked. The problem says "sitting in a row" but doesn't specify if they are sitting in a straight line (so three seats) or a circular arrangement. But the mention of "far left" and "far right" implies a straight line, not circular. So three seats in a row. But the problem allows for two possible arrangements. However, the question is asking "Who is sitting on the far left?" So in the first case, Alice is far left. In the second case, Charlie is far left. So how do we determine which is correct? Wait, maybe there's a unique solution. Let me check again. If Alice is in position 2, Bob in 3, Charlie in 1. Then Alice is not on the far right (since far right is 3, she's in 2). So that's okay. So both arrangements are possible. But the problem must have a unique answer. Maybe I made a mistake. Wait, perhaps the problem is designed such that only one arrangement is possible. Let me think again. If Alice is in position 1, then Bob is 2, Charlie 3. Alice is not on the far right (she's on the left), which is okay. If Alice is in position 2, Bob in 3, Charlie in 1. Both are valid. But the problem says "Alice is not on the far right," which is true in both cases. So why would the answer be unique? Wait, maybe the problem is from a source that expects a unique answer, so perhaps there's an implicit assumption. Let me check the problem again: "Alice is not on the far right. Bob is sitting to the immediate right of Alice. Who is sitting on the far left?" Wait, maybe the answer is Charlie. Because if Alice is in the middle, Bob is right, then Charlie is left. But if Alice is on the far left, Bob next, Charlie on the right. But both are possible. However, maybe the problem expects that Alice cannot be on the far left because of some other reason. Wait, the problem only states that Alice is not on the far right | L23: =IF(COUNT(H23:K23)>0, SUM(H23:K23), "") | M23: 2026-09-16 11:11:37 | N23: 31.611 | O23: 27.301 | P23: 1024 | Q23: =IF(AND(ISNUMBER(O23), O23>0, ISNUMBER(P23)), ROUND(P23/O23, 2), IF(AND(ISNUMBER(N23), N23>0, ISNUMBER(P23)), ROUND(P23/N23, 2), "")) -> 37.51 | R23: 3.64 | S23: Completed | T23: Pending | U23: data/responses/Q08_PHI.json | V23: Reached max tokens limit (num_predict=1024)
A24: Q08_DSR1 | B24: Q08 | C24: deepseek-r1:7b | D24: Logical reasoning | E24: Medium | F24: ='Question Bank & Key'!D10 -> Alice, Bob, and Charlie are sitting in a row. Alice is not on the far right. Bob is sitting to the immediate right of Alice. Who is sitting on the far left? Deduce the exact left-to-right seating arrangement step by step. | G24: [FINAL ANSWER] Let's determine the seating arrangement step by step. 1. **Alice is not on the far right.** - This means Alice can be either in the first or the second position. 2. **Bob is sitting immediately to the right of Alice.** - If Alice is in the first position, then Bob must be in the second position. - If Alice is in the second position, then Bob would have to be in the third position. 3. **Analyzing the possibilities:** - **Case 1:** Alice in the first position. - Bob is in the second position. - Charlie must be in the third position. - **Seating Arrangement:** Alice (1st), Bob (2nd), Charlie (3rd). - **Case 2:** Alice in the second position. - Bob is in the third position. - This would place Alice in the middle, which contradicts the information that Alice is not on the far right. - **This case is invalid.** 4. **Conclusion:** - The only valid seating arrangement is: - **Alice** in the first position. - **Bob** in the second position. - **Charlie** in the third position. \[ \boxed{\text{Alice, Bob, Charlie}} \] [THINKING PROCESS (<think>)] First, I note that Alice is not sitting on the far right. This means Alice can be either in the first or the second position. Next, Bob is sitting immediately to the right of Alice. If Alice is in the first position, then Bob must be in the second position. This would leave Charlie to be in the third position. If Alice were in the second position, Bob would have to be in the third position. However, this would place Alice in the middle, which contradicts the information that Alice is not on the far right. Therefore, the only valid arrangement is Alice in the first position, Bob in the second position, and Charlie in the third position. | L24: =IF(COUNT(H24:K24)>0, SUM(H24:K24), "") | M24: 2026-09-16 11:24:59 | N24: 22.279 | O24: 14.8 | P24: 412 | Q24: =IF(AND(ISNUMBER(O24), O24>0, ISNUMBER(P24)), ROUND(P24/O24, 2), IF(AND(ISNUMBER(N24), N24>0, ISNUMBER(P24)), ROUND(P24/N24, 2), "")) -> 27.84 | R24: 4.53 | S24: Completed | T24: Pending | U24: data/responses/Q08_DSR1.json
A25: Q08_QWEN | B25: Q08 | C25: qwen3:8b | D25: Logical reasoning | E25: Medium | F25: ='Question Bank & Key'!D10 -> Alice, Bob, and Charlie are sitting in a row. Alice is not on the far right. Bob is sitting to the immediate right of Alice. Who is sitting on the far left? Deduce the exact left-to-right seating arrangement step by step. | G25: <think> Okay, let's try to figure out this seating arrangement problem. So, we have Alice, Bob, and Charlie sitting in a row. The question says Alice is not on the far right. Also, Bob is sitting to the immediate right of Alice. We need to determine who is sitting on the far left. Let me break this down step by step. First, let me recall that there are three people: Alice, Bob, and Charlie. They are sitting in a row, which means there are three seats in a straight line. The positions can be considered as left to right: Position 1 (far left), Position 2 (middle), and Position 3 (far right). The first condition is that Alice is not on the far right. So Alice cannot be in Position 3. That leaves Alice possibly in Position 1 or Position 2. The second condition is that Bob is sitting to the immediate right of Alice. That means wherever Alice is sitting, Bob must be directly to her right. So if Alice is in Position 1, Bob would be in Position 2. If Alice is in Position 2, Bob would be in Position 3. However, we also know that Alice cannot be in Position 3, so those are the only two possibilities for Alice's position. Let me consider each possibility one by one. First possibility: Alice is in Position 1. Then Bob must be in Position 2 (since he's immediately to the right of Alice). That leaves Charlie to be in Position 3. Let me check if this satisfies all conditions. Alice is not on the far right (she's in Position 1), which is good. Bob is immediately to the right of Alice (Position 1 and 2), which is also good. So this arrangement would be Alice, Bob, Charlie. Then the far left is Alice. But let me check the other possibility to make sure there isn't another solution. Second possibility: Alice is in Position 2. Then Bob must be in Position 3 (immediately to the right). That leaves Charlie to be in Position 1. Let's check the conditions. Alice is not on the far right (she's in Position 2), which is okay. Bob is immediately to the right of Alice (Position 2 and 3), which is correct. So this arrangement would be Charlie, Alice, Bob. In this case, the far left is Charlie. Wait, so there are two possible arrangements? But the question says "Deduce the exact left-to-right seating arrangement step by step." So maybe there's only one solution? Did I make a mistake here? Let me check again. The problem states that Alice is not on the far right. So both possibilities where Alice is in Position 1 or 2 are allowed. However, the second condition is that Bob is immediately to the right of Alice. So if Alice is in Position 2, Bob is in Position 3. Then Charlie is in Position 1. But is there any other constraints? The problem doesn't mention anything about Charlie's position. So both arrangements seem possible? But the question asks "Who is sitting on the far left?" implying there is a unique answer. Maybe I missed something? Wait, let me think again. Let me list both possibilities: Case 1: Alice (Position 1), Bob (Position 2), Charlie (Position 3). Far left is Alice. Case 2: Charlie (Position 1), Alice (Position 2), Bob (Position 3). Far left is Charlie. But the problem says "Alice is not on the far right." In both cases, Alice is not on the far right. So both cases satisfy the given conditions. Therefore, there are two possible solutions? But the question seems to expect a single answer. Maybe there's an implicit assumption here? Wait, maybe there's something wrong with my reasoning. Let me check again. If there are three seats, and Alice cannot be on the far right, so she can be in seat 1 or 2. If she is in seat 1, Bob is in seat 2, so Charlie is in seat 3. If she is in seat 2, Bob is in seat 3, so Charlie is in seat 1. Both are valid. Therefore, there are two possible arrangements. However, the problem says "Deduce the exact left-to-right seating arrangement." Maybe there's more constraints? Wait, maybe I need to check if there are any other constraints. The problem says "Alice, Bob, and Charlie are sitting in a row." So all three are seated, no one is missing. The problem doesn't mention anything else. Therefore, both arrangements are possible. But the question is asking "Who is sitting on the far left?" So maybe there's a unique answer? Maybe I need to check if there's something wrong with my reasoning. Alternatively, maybe the problem assumes that there are three seats, so positions 1, 2, </think> | L25: =IF(COUNT(H25:K25)>0, SUM(H25:K25), "") | M25: 2026-09-16 11:32:29 | N25: 36.968 | O25: 32.412 | P25: 1024 | Q25: =IF(AND(ISNUMBER(O25), O25>0, ISNUMBER(P25)), ROUND(P25/O25, 2), IF(AND(ISNUMBER(N25), N25>0, ISNUMBER(P25)), ROUND(P25/N25, 2), "")) -> 31.59 | R25: 5.35 | S25: Completed | T25: Pending | U25: data/responses/Q08_QWEN.json | V25: Reached max tokens limit (num_predict=1024)
A26: Q09_PHI | B26: Q09 | C26: phi4-mini-reasoning | D26: Logical reasoning | E26: Medium | F26: ='Question Bank & Key'!D11 -> You have a 3-liter jug and a 5-liter jug, and an unlimited supply of water. How can you measure out exactly 4 liters using only these two jugs without any measuring scales? Detail every pour step. | G26: <think> Okay, so I need to figure out how to measure exactly 4 liters using a 3-liter jug and a 5-liter jug. Hmm, let's see. I remember these kinds of problems usually involve filling, pouring, and emptying different amounts. Let me start by recalling the classic water jug problem solutions. First, maybe I should write down the capacities: 3L and 5L. The goal is to get 4L. Since 4 is between 3 and 5, maybe there's a way to combine them. Let me think step by step. Let me start by considering the possible states. Each state can be represented by the amount of water in each jug. Let's denote the 5-liter jug as J5 and the 3-liter jug as J3. Initially, both are empty: (0,0). The possible operations are filling a jug to its capacity, emptying a jug, or pouring water from one jug to another until either the source is empty or the destination is full. I need to find a sequence of operations that leads to 4 liters in one of the jugs. Let me try to outline possible steps. One common approach is to fill the larger jug first. So, fill J5 completely: (5,0). Then pour into J3 until it's full. That would leave J5 with 5 - 3 = 2 liters. So now we have (2,3). Then empty J3: (2,0). Pour the remaining 2 liters from J5 into J3. Now J3 has 2 liters, J5 is empty: (0,2). Fill J5 again: (5,2). Pour from J5 into J3 until it's full. Since J3 can take 1 more liter (3-2=1), pour 1 liter into J3, leaving J5 with 5 - 1 = 4 liters. So J5 now has 4 liters. That seems to work! Wait, let me check each step again to make sure. 1. Fill J5 completely: J5=5, J3=0. (5,0) 2. Pour from J5 to J3 until J3 is full. J5 has 5-3=2, J3=3. (2,3) 3. Empty J3: J3=0, J5=2. (2,0) 4. Pour from J5 to J3: J5=0, J3=2. (0,2) 5. Fill J5 completely: J5=5, J3=2. (5,2) 6. Pour from J5 to J3 until J3 is full. J3 can take 1 more liter. So pour 1 liter from J5 to J3. J5 now has 5-1=4, J3 is full at 3. (4,3) 7. Now, we have 4 liters in J5. So that's the solution. But let me see if there's another way. Maybe starting by filling J3 first? Let's try. 1. Fill J3: (0,3) 2. Pour into J5: J5=3, J3=0. (3,0) 3. Fill J3 again: (3,3) 4. Pour into J5. J5 can take 5-3=2 liters. So pour 2 liters, J3 has 1 left. (5,1) 5. Empty J5: (0,1) 6. Pour the 1 liter from J3 to J5: (1,0) 7. Fill J3: (1,3) 8. Pour into J5: J5 can take 4 liters (5-1=4), so pour all 3 liters from J3. Now J5 has 1+3=4, J3 is empty. (4,0) Yes, that also works. So there are at least two methods. But the problem asks to detail every pour step. Let me confirm which one is the standard solution. The first method I thought of is probably the more straightforward one. Let me write out the steps again clearly. First method: 1. Fill the 5-liter jug completely. (5,0) 2. Pour from the 5-liter jug into the 3-liter jug until the 3-liter is full. This leaves 2 liters in the 5-liter jug. (2,3) 3. Empty the 3-liter jug. (2,0) 4. Pour the remaining 2 liters from the 5-liter jug into the 3-liter jug. (0,2) 5. Fill the 5-liter jug completely again. (5,2) 6. Pour from the 5-liter jug into the 3-liter jug until the 3-liter is full. Since the 3-liter jug already has 2 liters | L26: =IF(COUNT(H26:K26)>0, SUM(H26:K26), "") | M26: 2026-09-16 11:13:20 | N26: 30.733 | O26: 26.405 | P26: 1024 | Q26: =IF(AND(ISNUMBER(O26), O26>0, ISNUMBER(P26)), ROUND(P26/O26, 2), IF(AND(ISNUMBER(N26), N26>0, ISNUMBER(P26)), ROUND(P26/N26, 2), "")) -> 38.78 | R26: 3.64 | S26: Completed | T26: Pending | U26: data/responses/Q09_PHI.json | V26: Reached max tokens limit (num_predict=1024)
A27: Q09_DSR1 | B27: Q09 | C27: deepseek-r1:7b | D27: Logical reasoning | E27: Medium | F27: ='Question Bank & Key'!D11 -> You have a 3-liter jug and a 5-liter jug, and an unlimited supply of water. How can you measure out exactly 4 liters using only these two jugs without any measuring scales? Detail every pour step. | G27: [FINAL ANSWER] To measure exactly **4 liters** using a **3-liter jug** and a **5-liter jug**, follow these step-by-step instructions: 1. **Fill the 5-liter jug completely.** - **5-liter jug:** 5 liters - **3-liter jug:** 0 liters 2. **Pour water from the 5-liter jug into the 3-liter jug until the 3-liter jug is full.** - **5-liter jug:** 2 liters (5 - 3 = 2) - **3-liter jug:** 3 liters 3. **Empty the 3-liter jug.** - **5-liter jug:** 2 liters - **3-liter jug:** 0 liters 4. **Pour the remaining 2 liters from the 5-liter jug into the 3-liter jug.** - **5-liter jug:** 0 liters - **3-liter jug:** 2 liters 5. **Fill the 5-liter jug completely again.** - **5-liter jug:** 5 liters - **3-liter jug:** 2 liters 6. **Pour water from the 5-liter jug into the 3-liter jug until the 3-liter jug is full.** - Since the 3-liter jug already has 2 liters, it can only take **1 more liter** to be full. - **5-liter jug:** 4 liters (5 - 1 = 4) - **3-liter jug:** 3 liters Now, the **5-liter jug** contains exactly **4 liters** of water. \[ \boxed{4 \text{ liters in the 5-liter jug}} \] [THINKING PROCESS (<think>)] To measure exactly 4 liters using a 3-liter jug and a 5-liter jug, follow these steps: 1. **Fill the 5-liter jug completely.** - Now, the 5-liter jug has 5 liters, and the 3-liter jug is empty. 2. **Pour water from the 5-liter jug into the 3-liter jug until the 3-liter jug is full.** - This leaves 2 liters in the 5-liter jug. 3. **Empty the 3-liter jug.** - Now, the 5-liter jug has 2 liters, and the 3-liter jug is empty. 4. **Pour the remaining 2 liters from the 5-liter jug into the 3-liter jug.** - The 5-liter jug is now empty, and the 3-liter jug contains 2 liters. 5. **Fill the 5-liter jug completely again.** - The 5-liter jug now has 5 liters, and the 3-liter jug has 2 liters. 6. **Pour water from the 5-liter jug into the 3-liter jug until the 3-liter jug is full.** - Since the 3-liter jug already has 2 liters, it can only take 1 more liter. - This leaves exactly 4 liters in the 5-liter jug. Now, you have exactly 4 liters in the 5-liter jug. | L27: =IF(COUNT(H27:K27)>0, SUM(H27:K27), "") | M27: 2026-09-16 11:26:28 | N27: 25.206 | O27: 21.076 | P27: 652 | Q27: =IF(AND(ISNUMBER(O27), O27>0, ISNUMBER(P27)), ROUND(P27/O27, 2), IF(AND(ISNUMBER(N27), N27>0, ISNUMBER(P27)), ROUND(P27/N27, 2), "")) -> 30.94 | R27: 4.53 | S27: Completed | T27: Pending | U27: data/responses/Q09_DSR1.json
A28: Q09_QWEN | B28: Q09 | C28: qwen3:8b | D28: Logical reasoning | E28: Medium | F28: ='Question Bank & Key'!D11 -> You have a 3-liter jug and a 5-liter jug, and an unlimited supply of water. How can you measure out exactly 4 liters using only these two jugs without any measuring scales? Detail every pour step. | G28: <think> Okay, so I need to figure out how to measure exactly 4 liters using a 3-liter jug and a 5-liter jug. Let me think about this step by step. First, I know that these kinds of problems usually involve filling up one jug, pouring into the other, and keeping track of the amounts. Since the jugs are 3 and 5 liters, their capacities are different, so I need to find a way to get to 4 liters. Let me recall if there's a standard method for these kinds of problems. I remember that the key is to use the fact that the greatest common divisor (GCD) of 3 and 5 is 1, which means we can measure any integer amount up to the sum of the capacities, which is 8 liters. Since 4 is less than 8, it should be possible. Let me try to outline possible steps. Maybe start by filling the 5-liter jug and then transferring water to the 3-liter jug. Let me try that. Step 1: Fill the 5-liter jug to the top. Now, 5-liter jug has 5 liters, 3-liter is empty. Step 2: Pour water from the 5-liter into the 3-liter jug until the 3-liter is full. That would leave 5 - 3 = 2 liters in the 5-liter jug. Now, 3-liter is full (3 liters), 5-liter has 2 liters. Step 3: Empty the 3-liter jug. Now, 3-liter is empty, 5-liter still has 2 liters. Step 4: Transfer the 2 liters from the 5-liter jug to the 3-liter jug. Now, 3-liter has 2 liters, 5-liter is empty. Step 5: Fill the 5-liter jug again. Now, 5-liter has 5 liters, 3-liter has 2 liters. Step 6: Pour from the 5-liter into the 3-liter until the 3-liter is full. Since the 3-liter already has 2 liters, it can take 1 more liter. So, pouring 1 liter from the 5-liter jug leaves 5 - 1 = 4 liters in the 5-liter jug. Wait, that seems to work! Let me check again: Starting with 5-liter full (5), 3-liter empty. Pour into 3-liter: 5-liter has 2, 3-liter has 3. Empty 3-liter: 5 has 2, 3 is empty. Transfer 2 liters to 3: 5 is empty, 3 has 2. Fill 5 again: 5 has 5, 3 has 2. Pour from 5 to 3 until 3 is full. Since 3 can take 1 more liter, 5 loses 1 liter, so 5 has 4 liters left. Yes! So the 5-liter jug now has exactly 4 liters. That seems to work. Let me make sure I didn't skip any steps or make a mistake in the pouring. Alternatively, maybe there's another way? Let me try another approach to confirm. Another method: Fill the 3-liter jug first. Step 1: Fill 3-liter jug. Now, 3 has 3, 5 is empty. Step 2: Pour into 5-liter. Now, 5 has 3, 3 is empty. Step 3: Fill 3-liter again. Now, 3 has 3, 5 has 3. Step 4: Pour from 3 into 5. Since 5 can take 5 - 3 = 2 liters, so pour 2 liters from 3 into 5. Now, 5 is full (5 liters), and 3 has 3 - 2 = 1 liter left. Step 5: Empty the 5-liter jug. Now, 5 is empty, 3 has 1 liter. Step 6: Transfer the 1 liter from 3 to 5. Now, 5 has 1, 3 is empty. Step 7: Fill 3-liter again. Now, 3 has 3, 5 has 1. Step 8: Pour from 3 into 5. 5 can take 5 - 1 = 4 liters, but 3 only has 3 liters. So pour all 3 liters into 5, making 5 have 1 + 3 = 4 liters. So here, the 5-liter jug has 4 liters. So this is another way. So there are multiple methods. The question says to detail every pour step. Let me check which method is more straightforward. The first method I thought of was filling the 5-liter first, then transferring. The second method fills the 3-liter first. Both work </think> | L28: =IF(COUNT(H28:K28)>0, SUM(H28:K28), "") | M28: 2026-09-16 11:33:56 | N28: 41.717 | O28: 33.281 | P28: 1024 | Q28: =IF(AND(ISNUMBER(O28), O28>0, ISNUMBER(P28)), ROUND(P28/O28, 2), IF(AND(ISNUMBER(N28), N28>0, ISNUMBER(P28)), ROUND(P28/N28, 2), "")) -> 30.77 | R28: 5.35 | S28: Completed | T28: Pending | U28: data/responses/Q09_QWEN.json | V28: Reached max tokens limit (num_predict=1024)
A29: Q10_PHI | B29: Q10 | C29: phi4-mini-reasoning | D29: Logical reasoning | E29: Hard | F29: ='Question Bank & Key'!D12 -> On an island, inhabitants are either Knights (who always tell the truth) or Knaves (who always lie). You meet two inhabitants, A and B. A says: 'At least one of us is a Knave.' Determine precisely what A is and what B is. Provide a rigorous proof by cases. | G29: <think> Okay, let's see. So, there's this logic puzzle about knights and knaves. Knights always tell the truth, knaves always lie. We meet two inhabitants, A and B. A says, "At least one of us is a Knave." We need to figure out what A and B are. Hmm. Alright, let's break this down step by step. First, let's recall the basics. Knights always tell the truth, so whatever a Knight says is true. Knaves always lie, so whatever a Knave says is false. So, if A is a Knight, then the statement "At least one of us is a Knave" must be true. Conversely, if A is a Knave, then the statement must be false. Let's consider the two possibilities for A: either A is a Knight or a Knave. We'll analyze each case separately. **Case 1: A is a Knight.** If A is a Knight, then A's statement is true. The statement is "At least one of us is a Knave." Since A is a Knight, that means A is not a Knave. Therefore, for the statement to be true, B must be the Knave. Because if A is truthful, then at least one of them is a Knave, and since A isn't, B has to be. So in this case, A is a Knight and B is a Knave. Let's check if this holds. If B is a Knave, then B's statements would be lies. But wait, does B make any statements? The problem only mentions A's statement. So maybe we don't need to consider B's statements here. The problem only gives us A's statement. Hmm. So maybe we don't have to check B's status beyond what's necessary from A's statement. Wait, but in this case, if A is a Knight, then B must be a Knave. So that's straightforward. Let's hold that thought. **Case 2: A is a Knave.** If A is a Knave, then A's statement is a lie. The statement was "At least one of us is a Knave." Since A is lying, the opposite of this statement must be true. The opposite of "at least one is a Knave" is "neither of us is a Knave." In other words, both A and B are Knights. But wait, if both A and B are Knights, then A's statement would be true. However, we assumed A is a Knave, which would mean A's statement is false. But if both are Knights, then A's statement is true, which contradicts A being a Knave. Therefore, this case leads to a contradiction. Wait, let me clarify that. If A is a Knave, then the negation of "at least one is a Knave" is "neither is a Knave." So, "neither A nor B is a Knave." But if A is a Knave, then "neither A nor B is a Knave" is a lie, which would mean that the original statement "at least one is a Knave" is true. But since A is a Knave, the original statement is indeed true. However, since A is a Knave, A cannot make a true statement. Therefore, this leads to a contradiction. Therefore, Case 2 is impossible. Therefore, only Case 1 is possible: A is a Knight and B is a Knave. Wait, but let me check again. If A is a Knave, then the negation of "at least one is a Knave" is "neither is a Knave." So, if A is a Knave, then "neither is a Knave" would be false, which means "at least one is a Knave" is true. But since A is a Knave, the statement "at least one is a Knave" is true. However, since A is a Knave, they cannot make a true statement. Therefore, this is a contradiction. Therefore, A cannot be a Knave. Therefore, A must be a Knight, and hence B is a Knave. Alternatively, maybe I should structure this with formal logic. Let me denote: Let K(x) mean x is a Knight (truth-teller). Let K(a) mean A is a Knight. Similarly, K(b) for B. We know that either K(A) or K(B) is true for each individual, but they can be mixed. A says: "At least one of us is a Knave." In logical terms, this is ¬K(A) ∨ ¬K(B). Because "at least one is a Knave" is equivalent to "either A is a Knave or B is a Knave." So, A's statement is ¬K(A) ∨ ¬K(B). Now, if A is a Knight (K(A)), then the statement must | L29: =IF(COUNT(H29:K29)>0, SUM(H29:K29), "") | M29: 2026-09-16 11:20:03 | N29: 32.633 | O29: 25.694 | P29: 1024 | Q29: =IF(AND(ISNUMBER(O29), O29>0, ISNUMBER(P29)), ROUND(P29/O29, 2), IF(AND(ISNUMBER(N29), N29>0, ISNUMBER(P29)), ROUND(P29/N29, 2), "")) -> 39.85 | R29: 3.64 | S29: Completed | T29: Pending | U29: data/responses/Q10_PHI.json | V29: Reached max tokens limit (num_predict=1024)
A30: Q10_DSR1 | B30: Q10 | C30: deepseek-r1:7b | D30: Logical reasoning | E30: Hard | F30: ='Question Bank & Key'!D12 -> On an island, inhabitants are either Knights (who always tell the truth) or Knaves (who always lie). You meet two inhabitants, A and B. A says: 'At least one of us is a Knave.' Determine precisely what A is and what B is. Provide a rigorous proof by cases. | G30: <think> Okay, so I have this logic puzzle here about two inhabitants, A and B, on an island where everyone is either a Knight who always tells the truth or a Knave who always lies. A says, "At least one of us is a Knave." I need to figure out whether A is a Knight or a Knave, and the same for B. Hmm, let me think through this step by step. First, let me recall that Knights always tell the truth, so whatever they say must be true. Knaves always lie, so whatever they say must be false. So, if A is a Knight, then A's statement must be true. If A is a Knave, then A's statement must be false. A says, "At least one of us is a Knave." So, let's break this down. The statement "at least one of us is a Knave" can be translated into logical terms as "A is a Knave or B is a Knave." In symbols, that would be A ∨ B, where A and B represent whether A and B are Knaves, respectively. Wait, actually, hold on. If A is a Knight, then A tells the truth, so "at least one of us is a Knave" must be true. If A is a Knave, then the statement is false, so "at least one of us is a Knave" is false, meaning neither A nor B is a Knave, so both would be Knights. But wait, if both are Knights, then A's statement would be true, which is consistent because A is a Knight. But hold on, if A is a Knight, then A's statement is true, so at least one of them is a Knave. But if A is a Knight, then B must be the Knave. So, that would mean B is a Knave. Alternatively, if A is a Knave, then A's statement is false. So, the statement "at least one of us is a Knave" is false. If that's the case, then the opposite must be true, which is "neither of us is a Knave," meaning both A and B are Knights. But if both are Knights, then A's statement would be true, which contradicts the assumption that A is a Knave. So, that can't be the case. Wait, so if A is a Knave, then A's statement is false, which would mean that neither A nor B is a Knave, so both are Knights. But if both are Knights, then A's statement is true, which can't be because A is supposed to be a Knave. So, that leads to a contradiction. Therefore, A cannot be a Knave. Therefore, A must be a Knight, and since A is a Knight, A's statement is true, so at least one of them is a Knave. Since A is a Knight, that means B must be the Knave. Let me write this out in a more structured way to make sure I haven't missed anything. Case 1: A is a Knight. - If A is a Knight, then A's statement is true. - A's statement: "At least one of us is a Knave." So, this is true. - Since A is a Knight, the only way for the statement to be true is if B is a Knave. - Therefore, in this case, A is a Knight, and B is a Knave. Case 2: A is a Knave. - If A is a Knave, then A's statement is false. - A's statement: "At least one of us is a Knave." So, the negation is "Neither of us is a Knave," meaning both A and B are Knights. - But if both A and B are Knights, then A's statement would be true, which contradicts the assumption that A is a Knave. - Therefore, this case leads to a contradiction, so it cannot be true. Since Case 2 leads to a contradiction, it must be false. Therefore, Case 1 must be true. So, A is a Knight, and B is a Knave. Wait, just to double-check, let me consider the possibilities: 1. A is a Knight, B is a Knight. - A's statement: "At least one of us is a Knave." This would be false because both are Knights. But A is a Knight, so he must tell the truth. Contradiction. 2. A is a Knight, B is a Knave. - A's statement: "At least one of us is a Knave." This is true because B is a Knave. So, consistent. 3. A is a Knave, B is a Knight. - A's statement: "At least one of us is a Knave." Since A is a Knave, the </think> | L30: =IF(COUNT(H30:K30)>0, SUM(H30:K30), "") | M30: 2026-09-16 11:27:36 | N30: 35.986 | O30: 31.789 | P30: 1024 | Q30: =IF(AND(ISNUMBER(O30), O30>0, ISNUMBER(P30)), ROUND(P30/O30, 2), IF(AND(ISNUMBER(N30), N30>0, ISNUMBER(P30)), ROUND(P30/N30, 2), "")) -> 32.21 | R30: 4.54 | S30: Completed | T30: Pending | U30: data/responses/Q10_DSR1.json | V30: Reached max tokens limit (num_predict=1024)
A31: Q10_QWEN | B31: Q10 | C31: qwen3:8b | D31: Logical reasoning | E31: Hard | F31: ='Question Bank & Key'!D12 -> On an island, inhabitants are either Knights (who always tell the truth) or Knaves (who always lie). You meet two inhabitants, A and B. A says: 'At least one of us is a Knave.' Determine precisely what A is and what B is. Provide a rigorous proof by cases. | G31: <think> Okay, so I need to figure out whether A and B are Knights or Knaves based on A's statement. Let me start by recalling that Knights always tell the truth, and Knaves always lie. The statement A makes is: "At least one of us is a Knave." First, let me consider the possibilities. There are two inhabitants, A and B. Each can be either a Knight or a Knave. So there are four possible combinations: 1. A is a Knight and B is a Knight. 2. A is a Knight and B is a Knave. 3. A is a Knave and B is a Knight. 4. A is a Knave and B is a Knave. Now, I need to check which of these scenarios are consistent with A's statement. Let me go through each case one by one. **Case 1: Both A and B are Knights.** If A is a Knight, then A's statement must be true. The statement is "At least one of us is a Knave." But in this case, both are Knights, so there are no Knaves. Therefore, the statement "At least one of us is a Knave" would be false. However, since A is supposed to be a Knight (truth-teller), this leads to a contradiction. Therefore, this case is impossible. **Case 2: A is a Knight and B is a Knave.** Since A is a Knight, A's statement must be true. The statement is "At least one of us is a Knave." In this case, B is a Knave, so the statement is true. Therefore, this case is consistent. So this is a possible scenario. **Case 3: A is a Knave and B is a Knight.** Since A is a Knave, A's statement must be false. The statement is "At least one of us is a Knave." If this statement is false, then the negation must be true. The negation of "At least one of us is a Knave" is "Neither A nor B is a Knave," which means both are Knights. However, in this case, we assumed A is a Knave and B is a Knight. Therefore, the negation would be false because A is a Knave. Wait, this seems contradictory. Let me check again. Original statement: "At least one of us is a Knave." If A is lying, then the actual truth is that "At least one of us is a Knave" is false, which means "Neither A nor B is a Knave," i.e., both are Knights. But in this case, we have A as a Knave and B as a Knight. Therefore, the actual truth is that A is a Knave, so the negation of the statement is false. Therefore, there's a contradiction here. Therefore, this case cannot hold. Wait, maybe I need to think more carefully. Let me formalize this. Let me denote: Let S be the statement: "At least one of us is a Knave." If A is a Knave, then S is false. Therefore, the negation of S is true. The negation of "At least one is a Knave" is "Neither A nor B is a Knave," which is equivalent to "Both A and B are Knights." However, in this case, we are assuming A is a Knave and B is a Knight. Therefore, the negation would be false because A is a Knave. Therefore, there's a contradiction here. Therefore, Case 3 is impossible. **Case 4: Both A and B are Knaves.** If A is a Knave, then A's statement is false. The statement is "At least one of us is a Knave." If this is false, then the negation is true: "Neither A nor B is a Knave," meaning both are Knights. But in this case, both are Knaves, so the negation is false. Therefore, this leads to a contradiction. Therefore, Case 4 is impossible. So summarizing: - Case 1: Contradiction. - Case 2: Possible. - Case 3: Contradiction. - Case 4: Contradiction. Therefore, the only possible case is Case 2: A is a Knight and B is a Knave. Wait, but let me check again. In Case 3, if A is a Knave and B is a Knight, then A's statement is "At least one of us is a Knave." Since A is lying, the truth is that "At least one of us is a Knave" is false, which would mean that both are Knights. But in reality, A is a Knave and B is a Knight, so there is at least one Knave (A). Therefore, the statement "At least one of us </think> | L31: =IF(COUNT(H31:K31)>0, SUM(H31:K31), "") | M31: 2026-09-16 11:35:11 | N31: 41.254 | O31: 33.156 | P31: 1024 | Q31: =IF(AND(ISNUMBER(O31), O31>0, ISNUMBER(P31)), ROUND(P31/O31, 2), IF(AND(ISNUMBER(N31), N31>0, ISNUMBER(P31)), ROUND(P31/N31, 2), "")) -> 30.88 | R31: 5.35 | S31: Completed | T31: Pending | U31: data/responses/Q10_QWEN.json | V31: Reached max tokens limit (num_predict=1024)
A32: Q11_PHI | B32: Q11 | C32: phi4-mini-reasoning | D32: Programming reasoning | E32: Easy | F32: ='Question Bank & Key'!D13 -> Write a clean Python function `is_palindrome(s: str) -> bool` that checks if a string is a palindrome, ignoring non-alphanumeric characters and case. Provide a brief trace of why it works. | L32: =IF(COUNT(H32:K32)>0, SUM(H32:K32), "") | Q32: =IF(AND(ISNUMBER(O32), O32>0, ISNUMBER(P32)), ROUND(P32/O32, 2), IF(AND(ISNUMBER(N32), N32>0, ISNUMBER(P32)), ROUND(P32/N32, 2), "")) | S32: Completed | T32: Pending | U32: data/responses/Q11_PHI.json
A33: Q11_DSR1 | B33: Q11 | C33: deepseek-r1:7b | D33: Programming reasoning | E33: Easy | F33: ='Question Bank & Key'!D13 -> Write a clean Python function `is_palindrome(s: str) -> bool` that checks if a string is a palindrome, ignoring non-alphanumeric characters and case. Provide a brief trace of why it works. | L33: =IF(COUNT(H33:K33)>0, SUM(H33:K33), "") | Q33: =IF(AND(ISNUMBER(O33), O33>0, ISNUMBER(P33)), ROUND(P33/O33, 2), IF(AND(ISNUMBER(N33), N33>0, ISNUMBER(P33)), ROUND(P33/N33, 2), "")) | S33: Completed | T33: Pending | U33: data/responses/Q11_DSR1.json
A34: Q11_QWEN | B34: Q11 | C34: qwen3:8b | D34: Programming reasoning | E34: Easy | F34: ='Question Bank & Key'!D13 -> Write a clean Python function `is_palindrome(s: str) -> bool` that checks if a string is a palindrome, ignoring non-alphanumeric characters and case. Provide a brief trace of why it works. | L34: =IF(COUNT(H34:K34)>0, SUM(H34:K34), "") | Q34: =IF(AND(ISNUMBER(O34), O34>0, ISNUMBER(P34)), ROUND(P34/O34, 2), IF(AND(ISNUMBER(N34), N34>0, ISNUMBER(P34)), ROUND(P34/N34, 2), "")) | S34: Completed | T34: Pending | U34: data/responses/Q11_QWEN.json
A35: Q12_PHI | B35: Q12 | C35: phi4-mini-reasoning | D35: Programming reasoning | E35: Easy | F35: ='Question Bank & Key'!D14 -> Trace the execution of this Python code snippet and determine the exact printed output: x = [1, 2, 3] y = x y.append(4) print(len(x), x == y) Explain why `len(x)` is affected. | L35: =IF(COUNT(H35:K35)>0, SUM(H35:K35), "") | Q35: =IF(AND(ISNUMBER(O35), O35>0, ISNUMBER(P35)), ROUND(P35/O35, 2), IF(AND(ISNUMBER(N35), N35>0, ISNUMBER(P35)), ROUND(P35/N35, 2), "")) | S35: Completed | T35: Pending | U35: data/responses/Q12_PHI.json
A36: Q12_DSR1 | B36: Q12 | C36: deepseek-r1:7b | D36: Programming reasoning | E36: Easy | F36: ='Question Bank & Key'!D14 -> Trace the execution of this Python code snippet and determine the exact printed output: x = [1, 2, 3] y = x y.append(4) print(len(x), x == y) Explain why `len(x)` is affected. | L36: =IF(COUNT(H36:K36)>0, SUM(H36:K36), "") | Q36: =IF(AND(ISNUMBER(O36), O36>0, ISNUMBER(P36)), ROUND(P36/O36, 2), IF(AND(ISNUMBER(N36), N36>0, ISNUMBER(P36)), ROUND(P36/N36, 2), "")) | S36: Completed | T36: Pending | U36: data/responses/Q12_DSR1.json
A37: Q12_QWEN | B37: Q12 | C37: qwen3:8b | D37: Programming reasoning | E37: Easy | F37: ='Question Bank & Key'!D14 -> Trace the execution of this Python code snippet and determine the exact printed output: x = [1, 2, 3] y = x y.append(4) print(len(x), x == y) Explain why `len(x)` is affected. | L37: =IF(COUNT(H37:K37)>0, SUM(H37:K37), "") | Q37: =IF(AND(ISNUMBER(O37), O37>0, ISNUMBER(P37)), ROUND(P37/O37, 2), IF(AND(ISNUMBER(N37), N37>0, ISNUMBER(P37)), ROUND(P37/N37, 2), "")) | S37: Completed | T37: Pending | U37: data/responses/Q12_QWEN.json
A38: Q13_PHI | B38: Q13 | C38: phi4-mini-reasoning | D38: Programming reasoning | E38: Medium | F38: ='Question Bank & Key'!D15 -> Identify the bug in the following binary search implementation and explain how to fix it: def binary_search(arr, target): low = 0 high = len(arr) while low < high: mid = (low + high) // 2 if arr[mid] == target: return mid elif arr[mid] < target: low = mid else: high = mid - 1 return -1 | L38: =IF(COUNT(H38:K38)>0, SUM(H38:K38), "") | Q38: =IF(AND(ISNUMBER(O38), O38>0, ISNUMBER(P38)), ROUND(P38/O38, 2), IF(AND(ISNUMBER(N38), N38>0, ISNUMBER(P38)), ROUND(P38/N38, 2), "")) | S38: Completed | T38: Pending | U38: data/responses/Q13_PHI.json
A39: Q13_DSR1 | B39: Q13 | C39: deepseek-r1:7b | D39: Programming reasoning | E39: Medium | F39: ='Question Bank & Key'!D15 -> Identify the bug in the following binary search implementation and explain how to fix it: def binary_search(arr, target): low = 0 high = len(arr) while low < high: mid = (low + high) // 2 if arr[mid] == target: return mid elif arr[mid] < target: low = mid else: high = mid - 1 return -1 | L39: =IF(COUNT(H39:K39)>0, SUM(H39:K39), "") | Q39: =IF(AND(ISNUMBER(O39), O39>0, ISNUMBER(P39)), ROUND(P39/O39, 2), IF(AND(ISNUMBER(N39), N39>0, ISNUMBER(P39)), ROUND(P39/N39, 2), "")) | S39: Completed | T39: Pending | U39: data/responses/Q13_DSR1.json
A40: Q13_QWEN | B40: Q13 | C40: qwen3:8b | D40: Programming reasoning | E40: Medium | F40: ='Question Bank & Key'!D15 -> Identify the bug in the following binary search implementation and explain how to fix it: def binary_search(arr, target): low = 0 high = len(arr) while low < high: mid = (low + high) // 2 if arr[mid] == target: return mid elif arr[mid] < target: low = mid else: high = mid - 1 return -1 | L40: =IF(COUNT(H40:K40)>0, SUM(H40:K40), "") | Q40: =IF(AND(ISNUMBER(O40), O40>0, ISNUMBER(P40)), ROUND(P40/O40, 2), IF(AND(ISNUMBER(N40), N40>0, ISNUMBER(P40)), ROUND(P40/N40, 2), "")) | S40: Completed | T40: Pending | U40: data/responses/Q13_QWEN.json
A41: Q14_PHI | B41: Q14 | C41: phi4-mini-reasoning | D41: Programming reasoning | E41: Medium | F41: ='Question Bank & Key'!D16 -> Describe Floyd's Cycle-Finding Algorithm (Tortoise and Hare) for detecting a loop in a singly linked list. Explain why the time complexity is O(N) and the auxiliary space complexity is O(1). | L41: =IF(COUNT(H41:K41)>0, SUM(H41:K41), "") | Q41: =IF(AND(ISNUMBER(O41), O41>0, ISNUMBER(P41)), ROUND(P41/O41, 2), IF(AND(ISNUMBER(N41), N41>0, ISNUMBER(P41)), ROUND(P41/N41, 2), "")) | S41: Completed | T41: Pending | U41: data/responses/Q14_PHI.json
A42: Q14_DSR1 | B42: Q14 | C42: deepseek-r1:7b | D42: Programming reasoning | E42: Medium | F42: ='Question Bank & Key'!D16 -> Describe Floyd's Cycle-Finding Algorithm (Tortoise and Hare) for detecting a loop in a singly linked list. Explain why the time complexity is O(N) and the auxiliary space complexity is O(1). | L42: =IF(COUNT(H42:K42)>0, SUM(H42:K42), "") | Q42: =IF(AND(ISNUMBER(O42), O42>0, ISNUMBER(P42)), ROUND(P42/O42, 2), IF(AND(ISNUMBER(N42), N42>0, ISNUMBER(P42)), ROUND(P42/N42, 2), "")) | S42: Completed | T42: Pending | U42: data/responses/Q14_DSR1.json
A43: Q14_QWEN | B43: Q14 | C43: qwen3:8b | D43: Programming reasoning | E43: Medium | F43: ='Question Bank & Key'!D16 -> Describe Floyd's Cycle-Finding Algorithm (Tortoise and Hare) for detecting a loop in a singly linked list. Explain why the time complexity is O(N) and the auxiliary space complexity is O(1). | L43: =IF(COUNT(H43:K43)>0, SUM(H43:K43), "") | Q43: =IF(AND(ISNUMBER(O43), O43>0, ISNUMBER(P43)), ROUND(P43/O43, 2), IF(AND(ISNUMBER(N43), N43>0, ISNUMBER(P43)), ROUND(P43/N43, 2), "")) | S43: Completed | T43: Pending | U43: data/responses/Q14_QWEN.json
A44: Q15_PHI | B44: Q15 | C44: phi4-mini-reasoning | D44: Programming reasoning | E44: Hard | F44: ='Question Bank & Key'!D17 -> Propose an optimal algorithm in Python to find the Longest Increasing Subsequence (LIS) in O(N log N) time complexity using patience sorting / binary search. Provide the complete code, step-by-step invariant explanation, and complexity analysis. | L44: =IF(COUNT(H44:K44)>0, SUM(H44:K44), "") | Q44: =IF(AND(ISNUMBER(O44), O44>0, ISNUMBER(P44)), ROUND(P44/O44, 2), IF(AND(ISNUMBER(N44), N44>0, ISNUMBER(P44)), ROUND(P44/N44, 2), "")) | S44: Completed | T44: Pending | U44: data/responses/Q15_PHI.json
A45: Q15_DSR1 | B45: Q15 | C45: deepseek-r1:7b | D45: Programming reasoning | E45: Hard | F45: ='Question Bank & Key'!D17 -> Propose an optimal algorithm in Python to find the Longest Increasing Subsequence (LIS) in O(N log N) time complexity using patience sorting / binary search. Provide the complete code, step-by-step invariant explanation, and complexity analysis. | L45: =IF(COUNT(H45:K45)>0, SUM(H45:K45), "") | Q45: =IF(AND(ISNUMBER(O45), O45>0, ISNUMBER(P45)), ROUND(P45/O45, 2), IF(AND(ISNUMBER(N45), N45>0, ISNUMBER(P45)), ROUND(P45/N45, 2), "")) | S45: Completed | T45: Pending | U45: data/responses/Q15_DSR1.json
A46: Q15_QWEN | B46: Q15 | C46: qwen3:8b | D46: Programming reasoning | E46: Hard | F46: ='Question Bank & Key'!D17 -> Propose an optimal algorithm in Python to find the Longest Increasing Subsequence (LIS) in O(N log N) time complexity using patience sorting / binary search. Provide the complete code, step-by-step invariant explanation, and complexity analysis. | L46: =IF(COUNT(H46:K46)>0, SUM(H46:K46), "") | Q46: =IF(AND(ISNUMBER(O46), O46>0, ISNUMBER(P46)), ROUND(P46/O46, 2), IF(AND(ISNUMBER(N46), N46>0, ISNUMBER(P46)), ROUND(P46/N46, 2), "")) | S46: Completed | T46: Pending | U46: data/responses/Q15_QWEN.json
D51: After each benchmark is done, it has automatically free VRAM to be ready for the next benchmark.

Sheet Summary Dashboard
A1: Benchmarking Metrics Summary (Page 3 Calculations)
A3: Model | B3: Fully Correct Rate (%) | C3: Average Quality Score (0-8) | D3: Average Response Time (s) | E3: Average Tokens/sec
A4: phi4-mini-reasoning | B4: =ROUND(COUNTIFS('Scoring Register'!$C$2:$C$46, "phi4-mini-reasoning", 'Scoring Register'!$H$2:$H$46, 2) / 15 * 100, 1) -> 0 | C4: =IFERROR(ROUND(AVERAGEIF('Scoring Register'!$C$2:$C$46, "phi4-mini-reasoning", 'Scoring Register'!$L$2:$L$46), 2), "-") -> - | D4: =IFERROR(ROUND(AVERAGEIF('Scoring Register'!$C$2:$C$46, "phi4-mini-reasoning", 'Scoring Register'!$N$2:$N$46), 2), "-") -> 29.41 | E4: =IFERROR(ROUND(AVERAGEIF('Scoring Register'!$C$2:$C$46, "phi4-mini-reasoning", 'Scoring Register'!$Q$2:$Q$46), 2), "-") -> 38.26
A5: deepseek-r1:7b | B5: =ROUND(COUNTIFS('Scoring Register'!$C$2:$C$46, "deepseek-r1:7b", 'Scoring Register'!$H$2:$H$46, 2) / 15 * 100, 1) -> 0 | C5: =IFERROR(ROUND(AVERAGEIF('Scoring Register'!$C$2:$C$46, "deepseek-r1:7b", 'Scoring Register'!$L$2:$L$46), 2), "-") -> - | D5: =IFERROR(ROUND(AVERAGEIF('Scoring Register'!$C$2:$C$46, "deepseek-r1:7b", 'Scoring Register'!$N$2:$N$46), 2), "-") -> 25.69 | E5: =IFERROR(ROUND(AVERAGEIF('Scoring Register'!$C$2:$C$46, "deepseek-r1:7b", 'Scoring Register'!$Q$2:$Q$46), 2), "-") -> 28.92
A6: qwen3:8b | B6: =ROUND(COUNTIFS('Scoring Register'!$C$2:$C$46, "qwen3:8b", 'Scoring Register'!$H$2:$H$46, 2) / 15 * 100, 1) -> 0 | C6: =IFERROR(ROUND(AVERAGEIF('Scoring Register'!$C$2:$C$46, "qwen3:8b", 'Scoring Register'!$L$2:$L$46), 2), "-") -> - | D6: =IFERROR(ROUND(AVERAGEIF('Scoring Register'!$C$2:$C$46, "qwen3:8b", 'Scoring Register'!$N$2:$N$46), 2), "-") -> 38.04 | E6: =IFERROR(ROUND(AVERAGEIF('Scoring Register'!$C$2:$C$46, "qwen3:8b", 'Scoring Register'!$Q$2:$Q$46), 2), "-") -> 30.83

Sheet Rubric Guide
A1: Official Response Scoring Rubric (Project Plan Page 3)
A3: Criterion | B3: 2 Points | C3: 1 Point | D3: 0 Points
A4: Final answer | B4: Correct | C4: Partly correct | D4: Incorrect
A5: Reasoning quality | B5: Clear and logical | C5: Some unclear or missing steps | D5: Illogical or unsupported
A6: Instruction following | B6: Fully follows the request | C6: Partly follows | D6: Does not follow
A7: Factual support | B7: No invented claim | C7: Minor unsupported claim | D7: Major invented information

Sheet Question Bank & Key
A1: Frozen 15-Question Benchmark & Verified Answer Key (Project Plan Page 3 & 4)
A2: Question ID | B2: Category | C2: Difficulty | D2: Exact Prompt Wording | E2: Verified Final Answer | F2: Expected Key Reasoning Points
A3: Q01 | B3: Mathematical reasoning | C3: Easy | D3: Solve for x: 3x + 12 = 30. Show each step of your calculation clearly and state the final numerical value of x.
A4: Q02 | B4: Mathematical reasoning | C4: Easy | D4: A store offers a 20% discount on an item originally priced at $80. What is the final sale price? Show your work.
A5: Q03 | B5: Mathematical reasoning | C5: Medium | D5: Calculate the total number of trailing zeroes in 100! (100 factorial). Explain the mathematical reasoning behind your method.
A6: Q04 | B6: Mathematical reasoning | C6: Medium | D6: Find the next two numbers in the sequence: 2, 6, 12, 20, 30, ... Explain the underlying rule governing the pattern.
A7: Q05 | B7: Mathematical reasoning | C7: Hard | D7: Three fair standard six-sided dice are rolled simultaneously. What is the exact probability that the sum of the numbers rolled is equal to 10? Express your answer as a simplified fraction and explain each step.
A8: Q06 | B8: Logical reasoning | C8: Easy | D8: A farmer has 17 sheep, and all but 9 die. How many live sheep does the farmer have left? State your answer and briefly explain the logic.
A9: Q07 | B9: Logical reasoning | C9: Easy | D9: All roses are flowers. Some flowers fade quickly. Does it strictly follow that some roses fade quickly? Answer with 'Yes' or 'No' and provide a formal logical justification.
A10: Q08 | B10: Logical reasoning | C10: Medium | D10: Alice, Bob, and Charlie are sitting in a row. Alice is not on the far right. Bob is sitting to the immediate right of Alice. Who is sitting on the far left? Deduce the exact left-to-right seating arrangement step by step.
A11: Q09 | B11: Logical reasoning | C11: Medium | D11: You have a 3-liter jug and a 5-liter jug, and an unlimited supply of water. How can you measure out exactly 4 liters using only these two jugs without any measuring scales? Detail every pour step.
A12: Q10 | B12: Logical reasoning | C12: Hard | D12: On an island, inhabitants are either Knights (who always tell the truth) or Knaves (who always lie). You meet two inhabitants, A and B. A says: 'At least one of us is a Knave.' Determine precisely what A is and what B is. Provide a rigorous proof by cases.
A13: Q11 | B13: Programming reasoning | C13: Easy | D13: Write a clean Python function `is_palindrome(s: str) -> bool` that checks if a string is a palindrome, ignoring non-alphanumeric characters and case. Provide a brief trace of why it works.
A14: Q12 | B14: Programming reasoning | C14: Easy | D14: Trace the execution of this Python code snippet and determine the exact printed output: x = [1, 2, 3] y = x y.append(4) print(len(x), x == y) Explain why `len(x)` is affected.
... A17: Q15 | B17: Programming reasoning | C17: Hard | D17: Propose an optimal algorithm in Python to find the Longest Increasing Subsequence (LIS) in O(N log N) time complexity using patience sorting / binary search. Provide the complete code, step-by-step invariant explanation, and complexity analysis.
